Product Name,Sales
SAFCO Arco Folding Chair,24.97221928522317
GBC DocuBind TL300 Electric Binding System,23.372251774305838
Tennsco Double-Tier Lockers,23.31801401827407
Bretford Rectangular Conference Table Tops,23.150663878828055
"Hon Deluxe Fabric Upholstered Stacking Chairs, Rounded Back",22.844826878022293
Adjustable Depth Letter/Legal Cart,21.89818007888327
Tennsco 6- and 18-Compartment Lockers,21.54508541535435
"Hot File 7-Pocket, Floor Stand",21.296499778754622
Fellowes PB500 Electric Punch Plastic Comb Binding Machine with Manual Bind,21.24750161300531
Hon Every-Day Series Multi-Task Chairs,20.68139746669748
