Product Name,Order ID
Staple envelope,48
Staples,46
Easy-staple paper,46
Avery Non-Stick Binders,20
Staples in misc. colors,19
Staple remover,18
KI Adjustable-Height Table,18
Storex Dura Pro Binders,17
Staple-based wall hangings,16
Logitech 910-002974 M325 Wireless Mouse for Web Scrolling,15
"Situations Contoured Folding Chairs, 4/Set",15
GBC Premium Transparent Covers with Diagonal Lined Pattern,14
Eldon Wave Desk Accessories,14
"Global High-Back Leather Tilter, Burgundy",14
"Global Wood Trimmed Manager's Task Chair, Khaki",14
Kingston Digital DataTraveler 16GB USB 2.0,13
SAFCO Arco Folding Chair,13
"ACCOHIDE 3-Ring Binder, Blue, 1""",13
Avery File Folder Labels,13
Staple holder,13
"Hot File 7-Pocket, Floor Stand",13
Ibico Plastic Spiral Binding Combs,13
Chromcraft Round Conference Tables,13
Zipper Ring Binder Pockets,13
Wilson Jones Turn Tabs Binder Tool for Ring Binders,13
GBC Instant Report Kit,13
Logitech Desktop MK120 Mouse and keyboard Combo,12
Flat Face Poster Frame,12
Carina Double Wide Media Storage Towers in Natural & Black,12
"Wilson Jones Ledger-Size, Piano-Hinge Binder, 2"", Blue",12
"Pressboard Covers with Storage Hooks, 9 1/2"" x 11"", Light Blue",12
"Hon Deluxe Fabric Upholstered Stacking Chairs, Rounded Back",12
Wilson Jones Easy Flow II Sheet Lifters,12
"GBC Standard Recycled Report Covers, Clear Plastic Sheets",12
Wilson Jones Leather-Like Binders with DublLock Round Rings,12
Tennsco Double-Tier Lockers,12
Avery Durable Binders,12
GBC Standard Therm-A-Bind Covers,12
Fellowes Bankers Box Stor/Drawer Steel Plus,12
"Eldon Expressions Wood Desk Accessories, Oak",12
Bretford Rectangular Conference Table Tops,12
Xerox 1898,11
Sterilite Officeware Hinged File Box,11
"Avery 4027 File Folder Labels for Dot Matrix Printers, 5000 Labels per Box, White",11
SanDisk Ultra 32 GB MicroSDHC Class 10 Memory Card,11
Adjustable Depth Letter/Legal Cart,11
Geemarc AmpliPOWER60,11
GBC DocuBind TL300 Electric Binding System,11
DMI Arturo Collection Mission-style Design Wood Chair,11
Maxell 4.7GB DVD-R,11
Avery Self-Adhesive Photo Pockets for Polaroid Photos,11
Acco Perma 4000 Stacking Storage Drawers,11
Xerox 226,11
Newell 333,11
"Acco Pressboard Covers with Storage Hooks, 14 7/8"" x 11"", Light Blue",11
Tennsco 6- and 18-Compartment Lockers,11
Poly String Tie Envelopes,11
Xerox 1881,11
Newell 312,11
Fellowes Officeware Wire Shelving,11
Ibico Hi-Tech Manual Binding System,11
Aluminum Screw Posts,11
Prang Drawing Pencil Set,11
Avery 499,11
Satellite Sectional Post Binders,11
Vinyl Sectional Post Binders,11
Xerox 1893,11
GBC VeloBind Cover Sets,11
Crayola Colored Pencils,11
Global Ergonomic Managers Chair,11
I Need's 3d Hello Kitty Hybrid Silicone Case Cover for HTC One X 4g with 3d Hello Kitty Stylus Pen Green/pink,10
GBC Twin Loop Wire Binding Elements,10
"Global Value Steno Chair, Gray",10
"Hunt PowerHouse Electric Pencil Sharpener, Blue",10
Premium Transparent Presentation Covers by GBC,10
Acme Value Line Scissors,10
"Gould Plastics 18-Pocket Panel Bin, 34w x 5-1/4d x 20-1/2h",10
Staple magnet,10
Pressboard Hanging Data Binders for Unburst Sheets,10
Pyle PMP37LED,10
Global Deluxe Steno Chair,10
Avery 476,10
Advantus Rolling Storage Box,10
"Holmes Replacement Filter for HEPA Air Cleaner, Very Large Room, HEPA Filter",10
Advantus Plastic Paper Clips,10
Hon Every-Day Series Multi-Task Chairs,10
Standard Rollaway File with Lock,10
"Cardinal Slant-D Ring Binder, Heavy Gauge Vinyl",10
"Tenex Personal Project File with Scoop Front Design, Black",10
"Global Leather Highback Executive Chair with Pneumatic Height Adjustment, Black",10
Hon Olson Stacker Stools,10
SAFCO Boltless Steel Shelving,10
"SAFCO Commercial Wire Shelving, Black",10
"Adams Telephone Message Book W/Dividers/Space For Phone Numbers, 5 1/4""X8 1/2"", 300/Messages",10
"Angle-D Binders with Locking Rings, Label Holders",10
GBC Plastic Binding Combs,10
Wilson Electronics DB Pro Signal Booster,10
"Acco Data Flex Cable Posts For Top & Bottom Load Binders, 6"" Capacity",10
"Fellowes Twister Kit, Gray/Clear, 3/pkg",10
Fellowes PB500 Electric Punch Plastic Comb Binding Machine with Manual Bind,10
O'Sullivan Living Dimensions 2-Shelf Bookcases,10
AT&T 17929 Lendline Telephone,10
Avery Heavy-Duty EZD View Binder with Locking Rings,10
"Fellowes Mobile File Cart, Black",10
Fellowes Bases and Tops For Staxonsteel/High-Stak Systems,10
Nortel Meridian M3904 Professional Digital phone,10
Longer-Life Soft White Bulbs,10
Belkin 5 Outlet SurgeMaster Power Centers,10
"Belkin 19"" Vented Equipment Shelf, Black",10
"Eaton Premium Continuous-Feed Paper, 25% Cotton, Letter Size, White, 1000 Shts/Box",10
"DAX Value U-Channel Document Frames, Easel Back",10
Microsoft Sculpt Comfort Mouse,10
"XtraLife ClearVue Slant-D Ring Binder, White, 3""",10
DXL Angle-View Binders with Locking Rings by Samsill,10
"#10- 4 1/8"" x 9 1/2"" Recycled Envelopes",10
"Logitech B530 USB Headset - headset - Full size, Binaural",10
Xerox 191,10
"Global Value Mid-Back Manager's Chair, Gray",10
GBC Prestige Therm-A-Bind Covers,10
Plantronics CS510 - Over-the-Head monaural Wireless Headset System,10
Ibico Standard Transparent Covers,10
GBC DocuBind P50 Personal Binding Machine,10
"Acco Flexible ACCOHIDE Square Ring Data Binder, Dark Blue, 11 1/2"" X 14"" 7/8""",10
Wilson Jones Century Plastic Molded Ring Binders,10
"Wilson Jones 1"" Hanging DublLock Ring Binders",10
Avery Arch Ring Binders,10
Motorola HK250 Universal Bluetooth Headset,9
SanDisk Cruzer 64 GB USB Flash Drive,9
Mitel MiVoice 5330e IP Phone,9
Ibico Plastic and Wire Spiral Binding Combs,9
Belkin 6 Outlet Metallic Surge Strip,9
Security-Tint Envelopes,9
Newell 345,9
"Bush Andora Bookcase, Maple/Graphite Gray Finish",9
"Master Caster Door Stop, Brown",9
"BOSTON Ranger #55 Pencil Sharpener, Black",9
Newell 35,9
"Howard Miller 13-3/4"" Diameter Brushed Chrome Round Wall Clock",9
Avery 474,9
Hon GuestStacker Chair,9
Avery Hole Reinforcements,9
Logitech G700s Rechargeable Gaming Mouse,9
"Office Star - Contemporary Task Swivel chair with Loop Arms, Charcoal",9
Avery Durable Slant Ring Binders With Label Holder,9
"Avery Durable Slant Ring Binders, No Labels",9
Hon 61000 Series Interactive Training Tables,9
Recycled Easel Ring Binders,9
Avery 486,9
Logitech G602 Wireless Gaming Mouse,9
"Premier Elliptical Ring Binder, Black",9
Binding Machine Supplies,9
"Lesro Sheffield Collection Coffee Table, End Table, Center Table, Corner Table",9
Jabra SPEAK 410,9
Logitech Trackman Marble Mouse,9
Logitech P710e Mobile Speakerphone,9
High-Back Leather Manager's Chair,9
Novimex Fabric Task Chair,9
Imation 16GB Mini TravelDrive USB 2.0 Flash Drive,9
Plantronics Audio 478 Stereo USB Headset,9
"Decoflex Hanging Personal Folder File, Blue",9
Global Troy Executive Leather Low-Back Tilter,9
Acco 3-Hole Punch,9
"GBC Twin Loop Wire Binding Elements, 9/16"" Spine, Black",9
Chromcraft Rectangular Conference Tables,9
Westinghouse Clip-On Gooseneck Lamps,9
"Wilson Jones Clip & Carry Folder Binder Tool for Ring Binders, Clear",9
"Acco Six-Outlet Power Strip, 4' Cord Length",9
Cisco SPA301,9
"Acco Pressboard Covers with Storage Hooks, 9 1/2"" x 11"", Executive Red",9
Wilson Jones Legal Size Ring Binders,9
GBC Ibimaster 500 Manual ProClick Binding System,9
"Wirebound Message Books, Four 2 3/4"" x 5"" Forms per Page, 600 Sets per Book",9
X-Rack File for Hanging Folders,9
Acco D-Ring Binder w/DublLock,9
Fellowes Superior 10 Outlet Split Surge Protector,9
Fellowes Super Stor/Drawer Files,9
Fellowes PB200 Plastic Comb Binding Machine,9
GE 30524EE4,9
Xerox 1909,9
Xerox 1915,9
Xerox 1919,9
Fellowes Black Plastic Comb Bindings,9
Fellowes Basic Home/Office Series Surge Protectors,9
Xerox 1988,9
Eldon Portable Mobile Manager,9
Xerox 2,9
Xerox 214,9
"Dual Level, Single-Width Filing Carts",9
DAX Wood Document Frame,9
Xerox 225,9
Digium D40 VoIP phone,9
"Deflect-o EconoMat Studded, No Bevel Mat for Low Pile Carpeting",9
Tuff Stuff Recycled Round Ring Binders,9
Wilson Jones Impact Binders,9
"Global Fabric Manager's Chair, Dark Gray",9
"Cardinal HOLDit! Binder Insert Strips,Extra Strips",9
Global Highback Leather Tilter in Burgundy,9
Alphabetical Labels for Top Tab Filing,9
"Bush Westfield Collection Bookcases, Medium Cherry Finish",9
Strathmore Photo Mount Cards,9
"Global Airflow Leather Mesh Back Chair, Black",9
Sony Micro Vault Click 16 GB USB 2.0 Flash Drive,9
Global Commerce Series High-Back Swivel/Tilt Chairs,9
Sony 64GB Class 10 Micro SDHC R40 Memory Card,9
"Global Push Button Manager's Chair, Indigo",9
Tennsco Industrial Shelving,9
Tennsco Commercial Shelving,9
Compact Automatic Electric Letter Opener,8
Fellowes Stor/Drawer Steel Plus Storage Drawers,8
Bretford CR4500 Series Slim Rectangular Table,8
Belkin F9H710-06 7 Outlet SurgeMaster Surge Protector,8
C-Line Cubicle Keepers Polyproplyene Holder With Velcro Backings,8
"Global Leather and Oak Executive Chair, Black",8
Global Low Back Tilter Chair,8
"Global Leather Task Chair, Black",8
Fellowes High-Stak Drawer Files,8
Logitech Wireless Marathon Mouse M705,8
Logitech Gaming G510s - Keyboard,8
Heavy-Duty E-Z-D Binders,8
Harbour Creations Steel Folding Chair,8
Belkin F8E887 USB Wired Ergonomic Keyboard,8
Fellowes Bankers Box Staxonsteel Drawer File/Stacking System,8
"Executive Impressions 13"" Clairmont Wall Clock",8
Harbour Creations 67200 Series Stacking Chairs,8
Eldon Simplefile Box Office,8
Logitech G19 Programmable Gaming Keyboard,8
Eldon Shelf Savers Cubes and Bins,8
DAX Black Cherry Wood-Tone Poster Frame,8
HON 5400 Series Task Chairs for Big and Tall,8
"Eldon Image Series Desk Accessories, Burgundy",8
GuestStacker Chair with Chrome Finish Legs,8
Great White Multi-Use Recycled Paper (20Lb. and 84 Bright),8
"DAX Two-Tone Rosewood/Black Document Frame, Desktop, 5 x 7",8
Maxell LTO Ultrium - 800 GB,8
Memorex Froggy Flash Drive 8 GB,8
"Dot Matrix Printer Tape Reel Labels, White, 5000/Box",8
Memorex Micro Travel Drive 8 GB,8
Logitech G600 MMO Gaming Mouse,8
Cardinal Holdit Business Card Pockets,8
Cameo Buff Policy Envelopes,8
Hewlett Packard LaserJet 3310 Copier,8
Iceberg Mobile Mega Data/Printer Cart ,8
"Boston Electric Pencil Sharpener, Model 1818, Charcoal Black",8
"GBC Pre-Punched Binding Paper, Plastic, White, 8-1/2"" x 11""",8
GBC Recycled VeloBinder Covers,8
GBC Standard Plastic Binding Systems' Combs,8
Ibico Laser Imprintable Binding System Covers,8
Ibico Ibimaster 300 Manual Binding System,8
"Global Armless Task Chair, Royal Blue",8
Cardinal EasyOpen D-Ring Binders,8
Ibico EB-19 Dual Function Manual Binding System,8
GBC VeloBinder Manual Binding System,8
Catalog Binders with Expanding Posts,8
Case Logic 2.4GHz Wireless Keyboard,8
"Carina 42""Hx23 3/4""W Media Storage Unit",8
"GE 48"" Fluorescent Tube, Cool White Energy Saver, 34 Watts, 30/Box",8
Ideal Clamps,8
"Bush Heritage Pine Collection 5-Shelf Bookcase, Albany Pine Finish, *Special Order",8
Hon 4070 Series Pagoda Armless Upholstered Stacking Chairs,8
Bevis 36 x 72 Conference Tables,8
GBC DocuBind 300 Electric Binding Machine,8
Honeywell Enviracaire Portable HEPA Air Cleaner for 17' x 22' Room,8
GBC DocuBind P100 Manual Binding Machine,8
Letter Size Cart,8
Global Deluxe High-Back Manager's Chair,8
Bestar Classic Bookcase,8
"Lesro Round Back Collection Coffee Table, End Table",8
GBC Imprintable Covers,8
"LF Elite 3D Dazzle Designer Hard Case Cover, Lf Stylus Pen and Wiper For Apple Iphone 5c Mini Lite",8
"Bevis Oval Conference Table, Walnut",8
GBC Durable Plastic Covers,8
KI Conference Tables,8
Holmes Odor Grabber,8
Imation 8gb Micro Traveldrive Usb 2.0 Flash Drive,8
Newell 311,8
Insertable Tab Post Binder Dividers,8
Novimex Swivel Fabric Task Chair,8
Xerox 1884,8
Safco Contoured Stacking Chairs,8
"Wilson Jones Elliptical Ring 3 1/2"" Capacity Binders, 800 sheets",8
"SAFCO Mobile Desk Side File, Wire Frame",8
"Acco Pressboard Covers with Storage Hooks, 14 7/8"" x 11"", Executive Red",8
Rogers Deluxe File Chest,8
Wilson Jones Standard D-Ring Binders,8
Recycled Pressboard Report Cover with Reinforced Top Hinge,8
Xerox 188,8
Razer Kraken PRO Over Ear PC and Music Headset,8
"REDIFORM Incoming/Outgoing Call Register, 11"" X 8 1/2"", 100 Messages",8
Avery 485,8
"Atlantic Metals Mobile 5-Shelf Bookcases, Custom Colors",8
Prestige Round Ring Binders,8
Presstex Flexible Ring Binders,8
Pressboard Data Binders by Wilson Jones,8
Xerox 1887,8
Acco 6 Outlet Guardian Premium Surge Suppressor,8
Premier Electric Letter Opener,8
Prang Dustless Chalk Sticks,8
Polycom VVX 310 VoIP phone,8
Avery 501,8
"Personal Filing Tote with Lid, Black/Gray",8
Safco Industrial Wire Shelving System,8
"Atlantic Metals Mobile 3-Shelf Bookcases, Custom Colors",8
"Performers Binder/Pad Holder, Black",8
Space Solutions HD Industrial Steel Shelving.,8
Tennsco Single-Tier Lockers,8
Toshiba IPT2010-SD IP Telephone,8
"Adams Phone Message Book, 200 Message Capacity, 8 1/16 x 11",8
Surelock Post Binders,8
Storex DuraTech Recycled Plastic Frosted Binders,8
Stockwell Push Pins,8
Acrylic Self-Standing Desk Frames,8
"Ampad Gold Fibre Wirebound Steno Books, 6"" x 9"", Gregg Ruled",8
VTech DS6151,8
SpineVue Locking Slant-D Ring Binders by Cardinal,8
"Vinyl Coated Wire Paper Clips in Organizer Box, 800/Box",8
Samsung Rugby III,8
WD My Passport Ultra 2TB Portable External Hard Drive,8
"SimpliFile Personal File, Black Granite, 15w x 6-15/16d x 11-1/4h",8
White Computer Printout Paper by Universal,8
Acme Forged Steel Scissors with Black Enamel Handles,8
Sensible Storage WireTech Storage Systems,8
"Acme 10"" Easy Grip Assistive Scissors",8
Accohide Poly Flexible Ring Binders,8
Assorted Color Push Pins,8
Acco Translucent Poly Ring Binders,8
Acco Suede Grain Vinyl Round Ring Binder,8
"Perma STOR-ALL Hanging File Box, 13 1/8""W x 12 1/4""D x 10 1/2""H",8
Tensor Computer Mounted Lamp,8
Xerox 1931,8
Nontoxic Chalk,8
Xerox 1978,8
Xerox 1993,8
Avery Binding System Hidden Tab Executive Style Index Sets,8
Xerox 1996,8
Xerox 1997,8
OIC Bulk Pack Metal Binder Clips,8
Xerox 1945,8
3M Hangers With Command Adhesive,8
Xerox 202,8
Xerox 216,8
Office Star - Professional Matrix Back Chair with 2-to-1 Synchro Tilt and Mesh Fabric Seat,8
Xerox 217,8
Xerox 220,8
Avery Poly Binder Pockets,8
12-1/2 Diameter Round Wall Clock,8
Avery Reinforcements for Hole-Punch Pages,8
Xerox 227,8
Xerox 4200 Series MultiUse Premium Copy Paper (20Lb. and 84 Bright),8
"#10- 4 1/8"" x 9 1/2"" Security-Tint Envelopes",8
Newell 319,8
4009 Highlighters by Sanford,8
Avery Fluorescent Highlighter Four-Color Set,8
Xerox 1949,8
OtterBox Defender Series Case - Samsung Galaxy S4,8
Xerox 195,8
APC 7 Outlet Network SurgeArrest Surge Protector,8
Avery 518,8
9-3/4 Diameter Round Wall Clock,8
Xerox 196,8
"Padded Folding Chairs, Black, 4/Carton",8
Xerox 1900,7
Ultra Door Push Plate,7
"Dixon Prang Watercolor Pencils, 10-Color Set with Brush",7
Dixon Ticonderoga Core-Lock Colored Pencils,7
Xerox 1962,7
Xerox 222,7
Xerox 1906,7
Vtech CS6719,7
"Fellowes Premier Superior Surge Suppressor, 10-Outlet, With Phone and Remote",7
"Tyvek  Top-Opening Peel & Seel Envelopes, Plain White",7
Xerox 1908,7
Tuf-Vin Binders,7
Wilson Jones Custom Binder Spines & Labels,7
"GBC Velobind Prepunched Cover Sets, Regency Series",7
Xerox 1916,7
"GBC White Gloss Covers, Plain Front",7
Fellowes Neat Ideas Storage Cubes,7
"Trav-L-File Heavy-Duty Shuttle II, Black",7
Deluxe Heavy-Duty Vinyl Round Ring Binder,7
GBC Wire Binding Combs,7
Deflect-o Glass Clear Studded Chair Mats,7
Things To Do Today Pad,7
invisibleSHIELD by ZAGG Smudge-Free Screen Protector,7
Fellowes Staxonsteel Drawer Files,7
GBC ProClick Punch Binding System,7
Xerox 212,7
Xerox 21,7
"Elite 5"" Scissors",7
Xerox 1883,7
Wireless Extenders zBoost YX545 SOHO Signal Booster,7
"File Shuttle II and Handi-File, Black",7
"Wirebound Message Books, Four 2 3/4 x 5 White Forms per Page",7
"Wirebound Message Book, 4 per Page",7
"Executive Impressions 14"" Contract Wall Clock",7
Wilson Jones International Size A4 Ring Binders,7
Fellowes Bankers Box Recycled Super Stor/Drawer,7
GBC Personal VeloBind Strips,7
"Wilson Jones Hanging View Binder, White, 1""",7
Xerox 1891,7
"GE General Purpose, Extra Long Life, Showcase & Floodlight Incandescent Bulbs",7
Eldon ProFile File 'N Store Portable File Tub Letter/Legal Size Black,7
Xerox 1999,7
Xerox 1895,7
GBC Plasticlear Binding Covers,7
"Eldon Base for stackable storage shelf, platinum",7
Eldon 200 Class Desk Accessories,7
Economy Rollaway Files,7
"Eberhard Faber 3 1/2"" Golf Pencils",7
"GBC Prepunched Paper, 19-Hole, for Binding Systems, 24-lb",7
Fiskars Softgrip Scissors,7
"Fellowes Strictly Business Drawer File, Letter/Legal Size",7
Newell 314,7
"Tennsco Stur-D-Stor Boltless Shelving, 5 Shelves, 24"" Deep, Sand",7
Kingston Digital DataTraveler 32GB USB 2.0,7
"OIC Colored Binder Clips, Assorted Sizes",7
Office Star - Contemporary Swivel Chair with Padded Adjustable Arms and Flex Back,7
Office Star - Ergonomically Designed Knee Chair,7
Office Star - Mesh Screen back chair with Vinyl seat,7
Lock-Up Easel 'Spel-Binder',7
"Lifetime Advantage Folding Chairs, 4/Carton",7
Office Star Flex Back Scooter Chair with White Frame,7
Panasonic KX TS3282W Corded phone,7
Panasonic KX-TG6844B Expandable Digital Cordless Telephone,7
Panasonic KX-TG9471B,7
"Tenex File Box, Personal Filing Tote with Lid, Black",7
Kensington 4 Outlet MasterPiece Compact Power Control Center,7
Panasonic Kx-TS550,7
Peel & Stick Add-On Corner Pockets,7
Peel-Off China Markers,7
Imation Clip USB flash drive - 8 GB,7
Plantronics Encore H101 Dual Earpieces Headset,7
"Iceberg OfficeWorks 42"" Round Tables",7
Plantronics MX500i Earset,7
Plantronics Savi W720 Multi-Device Wireless Headset System,7
OIC Binder Clips,7
"OIC #2 Pencils, Medium Soft",7
O'Sullivan 4-Shelf Bookcase in Odessa Pine,7
O'Sullivan 2-Door Barrister Bookcase in Odessa Pine,7
"Neat Ideas Personal Hanging Folder Files, Black",7
NETGEAR N750 Dual Band Wi-Fi Gigabit Router,7
Newell 317,7
Newell 320,7
Newell 324,7
Newell 34,7
Mediabridge Sport Armband iPhone 5s,7
Newell 341,7
Newell 343,7
"Master Caster Door Stop, Large Neon Orange",7
Newell 347,7
Martin-Yale Premier Letter Opener,7
Newell 351,7
Newell Chalk Holder,7
Manco Dry-Lighter Erasable Highlighter,7
Dana Swing-Arm Lamps,7
Logitech MX Performance Wireless Mouse,7
Nu-Dell Float Frame 11 x 14 1/2,7
Logitech Wireless Performance Mouse MX for PC and Mac,7
Ibico Presentation Index for Binding Systems,7
Poly Designer Cover & Back,7
Prang Colored Pencils,7
"Sauder Camden County Collection Libraries, Planked Cherry Finish",7
Self-Adhesive Removable Labels,7
Global Super Steno Chair,7
"Global Stack Chair without Arms, Black",7
"Global Stack Chair with Arms, Black",7
Sharp 1540cs Digital Laser Copier,7
"SlimView Poly Binder, 3/8""",7
"Southworth 100% Résumé Paper, 24lb.",7
Newell 310,7
Global Leather Executive Chair,7
Square Credit Card Reader,7
"Square Ring Data Binders, Rigid 75 Pt. Covers, 11"" x 14-7/8""",7
"Global Geo Office Task Chair, Gray",7
Stackable Trays,7
Stanley Bostitch Contemporary Electric Pencil Sharpeners,7
"Global Deluxe Stacking Chair, Gray",7
Global Commerce Series Low-Back Swivel/Tilt Chairs,7
"Tenex ""The Solids"" Textured Chair Mats",7
"Tenex 46"" x 60"" Computer Anti-Static Chairmat, Rectangular Shaped",7
Tenex B1-RE Series Chair Mats for Low Pile Carpets,7
Self-Adhesive Address Labels for Typewriters by Universal,7
SanDisk Ultra 16 GB MicroSDHC Class 10 Memory Card,7
Ibico Covers for Plastic or Wire Binding Elements,7
Globe Weis Peel & Seel First Class Envelopes,7
"Premium Transparent Presentation Covers, No Pattern/Clear, 8 1/2"" x 11""",7
Hypercom P1300 Pinpad,7
"Premium Writing Pencils, Soft, #2 by Central Association for the Blind",7
"Howard Miller 14-1/2"" Diameter Chrome Round Wall Clock",7
"Howard Miller 13"" Diameter Pewter Finish Round Wall Clock",7
Prismacolor Color Pencil Set,7
"Quartet Omega Colored Chalk, 12/Pack",7
Hon 5100 Series Wood Tables,7
Hon 4070 Series Pagoda Round Back Stacking Chairs,7
Razer Tiamat Over Ear 7.1 Surround Sound PC Gaming Headset,7
Hon 2111 Invitation Series Straight Table,7
Home/Office Personal File Carts,7
"Redi-Strip #10 Envelopes, 4 1/8 x 9 1/2",7
Rogers Handheld Barrel Pencil Sharpener,7
"Rogers Jumbo File, Granite",7
Rogers Profile Extra Capacity Storage Tub,7
Hewlett Packard 610 Color Digital Copier / Printer,7
SANFORD Major Accent Highlighters,7
Samsung HM1900 Bluetooth Headset,7
Space Solutions Commercial Steel Shelving,7
netTALK DUO VoIP Telephone Service,7
AT&T 841000 Phone,7
"Binney & Smith Crayola Metallic Colored Pencils, 8-Color Set",7
Avanti 4.4 Cu. Ft. Refrigerator,7
Belkin F5C206VTEL 6 Outlet Surge,7
"Acco 7-Outlet Masterpiece Power Center, Wihtout Fax/Phone Line Protection",7
"Blue String-Tie & Button Interoffice Envelopes, 10 x 13",7
Brother DCP1000 Digital 3 in 1 Multifunction Machine,7
Belkin 8 Outlet Surge Protector,7
Avery Hidden Tab Dividers for Binding Systems,7
Acme Office Executive Series Stainless Steel Trimmers,7
Boston 1645 Deluxe Heavier-Duty Electric Pencil Sharpener,7
"C-Line Magnetic Cubicle Keepers, Clear Polypropylene",7
"Adams Telephone Message Book w/Frequently-Called Numbers Space, 400 Messages per Book",7
"Commercial WindTunnel Clean Air Upright Vacuum, Replacement Belts, Filtration Bags",7
Avery 505,7
Computer Printout Paper with Letter-Trim Perforations,7
"Computer Room Manger, 14""",7
"Adams Telephone Message Book W/Dividers/Space For Phone Numbers, 5 1/4""X8 1/2"", 200/Messages",7
Avery Premier Heavy-Duty Binder with Round Locking Rings,7
Aastra 57i VoIP phone,7
Avery Recycled Flexi-View Covers for Binding Systems,7
"DAX Charcoal/Nickel-Tone Document Frame, 5 x 7",7
Bush Advantage Collection Racetrack Conference Table,7
"Avery Trapezoid Ring Binder, 3"" Capacity, Black, 1040 sheets",7
3M Organizer Strips,7
Boston KS Multi-Size Manual Pencil Sharpener,7
"Boston School Pro Electric Pencil Sharpener, 1670",7
AT&T 1080 Corded phone,7
Crate-A-Files,7
"Crayola Anti Dust Chalk, 12/Pack",7
BIC Brite Liner Highlighters,7
"Acme Hot Forged Carbon Steel Scissors with Nickel-Plated Handles, 3 7/8"" Cut, 8""L",7
Avery 487,7
Acco Hanging Data Binders,7
DIXON Ticonderoga Erasable Checking Pencils,7
Binder Clips by OIC,7
"Acco PRESSTEX Data Binder with Storage Hooks, Dark Blue, 14 7/8"" X 11""",7
"#10 White Business Envelopes,4 1/8 x 9 1/2",7
"Avery Address/Shipping Labels for Typewriters, 4"" x 2""",7
Clear Mylar Reinforcing Strips,7
Belkin Premiere Surge Master II 8-outlet surge protector,7
"Avery Durable Plastic 1"" Binders",7
Advantus Push Pins,7
"Tennsco Lockers, Gray",6
Grandstream GXP1160 VoIP phone,6
Newell 326,6
Newell 334,6
"Gould Plastics 9-Pocket Panel Bin, 18-3/8w x 5-1/4d x 20-1/2h, Black",6
Bulldog Vacuum Base Pencil Sharpener,6
Griffin GC17055 Auxiliary Audio Cable,6
"Chromcraft Bull-Nose Wood 48"" x 96"" Rectangular Conference Tables",6
Tops Wirebound Message Log Books,6
Avery Round Ring Poly Binders,6
"Chromcraft 48"" x 96"" Racetrack Double Pedestal Table",6
Newell 325,6
Cisco 8x8 Inc. 6753i IP Business Phone System,6
"Chromcraft Bull-Nose Wood Round Conference Table Top, Wood Base",6
"Tenex Traditional Chairmats for Medium Pile Carpet, Standard Lip, 36"" x 48""",6
Xerox 1966,6
Xerox 1925,6
"BIC Brite Liner Grip Highlighters, Assorted, 5/Pack",6
Tripp Lite TLP810NET Broadband Surge for Modem/Fax,6
Newell 315,6
HP Standard 104 key PS/2 Keyboard,6
Newell 32,6
Office Star - Contemporary Task Swivel Chair,6
"Avery Triangle Shaped Sheet Lifters, Black, 2/Pack",6
Avery 52,6
Office Star Flex Back Scooter Chair with Aluminum Finish Frame,6
GBC Recycled Regency Composition Covers,6
Newell 322,6
Tripp Lite Isotel 6 Outlet Surge Protector with Fax/Modem Protection,6
Avery Printable Repositionable Plastic Tabs,6
Newell 348,6
Newell 344,6
Nortel Networks T7316 E Nt8 B27,6
Global Comet Stacking Armless Chair,6
O'Sullivan 2-Shelf Heavy-Duty Bookcases,6
"Avery Hi-Liter EverBold Pen Style Fluorescent Highlighters, 4/Pack",6
Dax Clear Box Frame,6
Canvas Sectional Post Binders,6
Global Deluxe Office Fabric Chairs,6
Avery Heavy-Duty EZD  Binder With Locking Rings,6
Nu-Dell Executive Frame,6
Novimex Turbo Task Chair,6
"Tennsco Snap-Together Open Shelving Units, Starter Sets and Add-On Units",6
Xerox 1951,6
Canon PC-428 Personal Copier,6
Global Executive Mid-Back Manager's Chair,6
Avery Hanging File Binders,6
Xerox 1960,6
"Avery Framed View Binder, EZD Ring (Locking), Navy, 1 1/2""",6
Avery Hi-Liter Smear-Safe Highlighters,6
Xerox 1957,6
Xerox 1942,6
Xerox 1959,6
OIC Stacking Trays,6
"Bush Westfield Collection Bookcases, Fully Assembled",6
Avery Metallic Poly Binders,6
Newell 350,6
"Carina Mini System Audio Rack, Model AR050B",6
"Global Manager's Adjustable Task Chair, Storm",6
Global Chrome Stack Chair,6
Avery Durable Poly Binders,6
Xerox 1944,6
"Seth Thomas 14"" Day/Date Wall Clock",6
"BIC Brite Liner Highlighters, Chisel Tip",6
"Iceberg Nesting Folding Chair, 19w x 6d x 43h",6
"Wirebound Message Books, Two 4 1/4"" x 5"" Forms per Page",6
"Acco Four Pocket Poly Ring Binder with Label Holder, Smoke, 1""",6
Imation Secure Drive + Hardware Encrypted USB flash drive - 16 GB,6
Woodgrain Magazine Files by Perma,6
Logitech ClearChat Comfort/USB Headset H390,6
Wi-Ex zBoost YX540 Cellular Phone Signal Booster,6
Binder Posts,6
Logitech G35 7.1-Channel Surround Sound Headset,6
"White Dual Perf Computer Printout Paper, 2700 Sheets, 1 Part, Heavyweight, 20 lbs., 14 7/8 x 11",6
"Linden 10"" Round Wall Clock, Black",6
"White Business Envelopes with Contemporary Seam, Recycled White Business Envelopes",6
Logitech Wireless Gaming Headset G930,6
Black & Decker Filter for Double Action Dustbuster Cordless Vac BLDV7210,6
Logitech Wireless Headset h800,6
BlackBerry Q10,6
"IBM Multi-Purpose Copy Paper, 8 1/2 x 11"", Case",6
Logitech Illuminated - Keyboard,6
Logitech LS21 Speaker System - PC Multimedia - 2.1-CH - Wired,6
Innergie mMini Combo Duo USB Travel Charging Kit,6
Belkin Standard 104 key USB Keyboard,6
Hewlett Packard 310 Color Digital Copier,6
"Bevis Round Conference Table Top, X-Base",6
Kensington K72356US Mouse-in-a-Box USB Desktop Mouse,6
Kensington Expert Mouse Optical USB Trackball for PC or Mac,6
Acco Perma 3000 Stacking Storage Drawers,6
Bevis Boat-Shaped Conference Table,6
Kensington 6 Outlet Guardian Standard Surge Protector,6
Wilson SignalBoost 841262 DB PRO Amplifier Kit,6
"Wirebound Four 2-3/4 x 5 Forms per Page, 400 Sets per Book",6
Wilson Jones Heavy-Duty Casebound Ring Binders with Metal Hinges,6
Acco Hot Clips Clips to Go,6
"Wirebound Message Books, Four 2 3/4 x 5 Forms per Page, 200 Sets per Book",6
"Leather Task Chair, Black",6
Acme Box Cutter Scissors,6
Bevis Steel Folding Chairs,6
Wilson Jones Active Use Binders,6
JM Magazine Binder,6
JBL Micro Wireless Portable Bluetooth Speaker,6
"It's Hot Message Books with Stickers, 2 3/4"" x 5""",6
Iris Project Case,6
Howard Miller Distant Time Traveler Alarm Clock,6
WD My Passport Ultra 1TB Portable External Hard Drive,6
Lumber Crayons,6
Holmes HEPA Air Purifier,6
Hon Comfortask Task/Swivel Chairs,6
"Message Book, Wirebound, Four 5 1/2"" X 4"" Forms/Pg., 200 Dupl. Sets/Book",6
Hon 4700 Series Mobuis Mid-Back Task Chairs with Adjustable Arms,6
Micro Innovations USB RF Wireless Keyboard with Mouse,6
Ultra Door Pull Handle,6
Boston Home & Office Model 2000 Electric Pencil Sharpeners,6
Hon 2090 Pillow Soft Series Mid Back Swivel/Tilt Chairs,6
Mophie Juice Pack Helium for iPhone,6
Motorola L703CM,6
"Howard Miller 13"" Diameter Goldtone Round Wall Clock",6
Motorola L804,6
GBC Poly Designer Binding Covers,6
Xerox 192,6
"BOSTON Model 1800 Electric Pencil Sharpeners, Putty/Woodgrain",6
BIC Liqua Brite Liner,6
Newell 3-Hole Punched Plastic Slotted Magazine Holders for Binders,6
Acme Tagit Stainless Steel Antibacterial Scissors,6
Bretford CR8500 Series Meeting Room Furniture,6
Memorex Mini Travel Drive 64 GB USB 2.0 Flash Drive,6
Memorex Mini Travel Drive 16 GB USB 2.0 Flash Drive,6
Xerox 1903,6
Boston 16801 Nautilus Battery Pencil Sharpener,6
Xerox 1888,6
"Howard Miller 11-1/2"" Diameter Ridgewood Wall Clock",6
"Howard Miller 11-1/2"" Diameter Grantwood Wall Clock",6
Xerox 189,6
Acco 6 Outlet Guardian Premium Plus Surge Suppressor,6
Hoover Upright Vacuum With Dirt Cup,6
Hoover Shoulder Vac Commercial Portable Vacuum,6
Magna Visual Magnetic Picture Hangers,6
Martin Yale Chadless Opener Electric Letter Opener,6
"Master Big Foot Doorstop, Beige",6
"Verbatim 25 GB 6x Blu-ray Single Layer Recordable Disc, 3/Pack",6
Aastra 6757i CT Wireless VoIP phone,6
Honeywell Quietcare HEPA Air Cleaner,6
Hon Racetrack Conference Tables,6
"Hon Practical Foundations 30 x 60 Training Table, Light Gray/Charcoal",6
Hon Multipurpose Stacking Arm Chairs,6
Memorex Micro Travel Drive 16 GB,6
Advantus Map Pennant Flags and Round Head Tacks,6
O'Sullivan Living Dimensions 5-Shelf Bookcases,6
KeyTronic E03601U1 - Keyboard - Beige,6
Round Ring Binders,6
Avery 494,6
Southworth Parchment Paper & Envelopes,6
Airmail Envelopes,6
Samsung Galaxy Mega 6.3,6
Portable Personal File Box,6
Recycled Steel Personal File for Hanging File Folders,6
Cush Cases Heavy Duty Rugged Cover Case for Samsung Galaxy S5 - Purple,6
Samsung Galaxy S III - 16GB - pebble blue (T-Mobile),6
Xerox 1995,6
Fellowes Advanced Computer Series Surge Protectors,6
Convenience Packs of Business Envelopes,6
Xerox 23,6
Polycom SoundPoint IP 450 VoIP phone,6
Avery 480,6
Advantus Rolling Drawer Organizers,6
DAX Two-Tone Silver Metal Document Frame,6
"Atlantic Metals Mobile 4-Shelf Bookcases, Custom Colors",6
"Eldon Expressions Desk Accessory, Wood Photo Frame, Mahogany",6
"Recycled Data-Pak for Archival Bound Computer Printouts, 12-1/2 x 12-1/2 x 16",6
Plantronics S12 Corded Telephone Headset System,6
Fellowes Mighty 8 Compact Surge Protector,6
Eldon Radial Chair Mat for Low to Medium Pile Carpets,6
Fellowes PB300 Plastic Comb Binding Machine,6
Xerox 213,6
Xerox 1991,6
"Executive Impressions 14"" Two-Color Numerals Wall Clock",6
Angle-D Ring Binders,6
Anker 36W 4-Port USB Wall Charger Travel Power Adapter for iPhone 5s 5c 5,6
Round Specialty Laser Printer Labels,6
Enermax Acrylux Wireless Keyboard,6
Electrix Halogen Magnifier Lamp,6
3-ring staple pack,6
Avery 483,6
Eldon 500 Class Desk Accessories,6
"Eldon 400 Class Desk Accessories, Black Carbon",6
"RSVP Cards & Envelopes, Blank White, 8-1/2"" X 11"", 24 Cards/25 Envelopes/Set",6
Xerox 210,6
36X48 HARDFLOOR CHAIRMAT,6
"1.7 Cubic Foot Compact ""Cube"" Office Refrigerators",6
Akro Stacking Bins,6
"Eureka Recycled Copy Paper 8 1/2"" x 11"", Ream",6
Razer Kraken 7.1 Surround Sound Over Ear USB Gaming Headset,6
24-Hour Round Wall Clock,6
Eureka The Boss Cordless Rechargeable Stick Vac,6
Avery 488,6
"Eureka The Boss Plus 12-Amp Hard Box Upright Vacuum, Red",6
"Eldon Delta Triangular Chair Mat, 52"" x 58"", Clear",6
Euro-Pro Shark Turbo Vacuum,6
Avery 49,6
Xerox 224,6
"Executive Impressions 12"" Wall Clock",6
Xerox 203,6
"Eldon Spacemaker Box, Quick-Snap Lid, Clear",6
"Safco Value Mate Series Steel Bookcases, Baked Enamel Finish on Steel, Gray",6
"Xerox Color Copier Paper, 11"" x 17"", Ream",6
Plantronics Cordless Phone Headset with In-line Volume - M214C,6
Avery 508,6
Tenex Antistatic Computer Chair Mats,6
Flexible Leather- Look Classic Collection Ring Binder,6
"Floodlight Indoor Halogen Bulbs, 1 Bulb per Pack, 60 Watts",6
Panasonic KX TS208W Corded phone,6
Revere Boxed Rubber Bands by Revere,6
Pizazz Global Quick File,6
"Deflect-o RollaMat Studded, Beveled Mat for Medium Pile Carpeting",6
G.E. Longer-Life Indoor Recessed Floodlight Bulbs,6
Advantus Panel Wall Certificate Holder - 8.5x11,6
Eldon Mobile Mega Data Cart  Mega Stackable  Add-On Trays,6
Astroparche Fine Business Paper,6
American Pencil,6
"Telephone Message Books with Fax/Mobile Section, 5 1/2"" x 3 3/16""",6
GBC DocuBind P400 Electric Binding System,6
Panasonic KP-380BK Classic Electric Pencil Sharpener,6
GBC DocuBind TL200 Manual Binding Machine,6
Cisco Unified IP Phone 7945G VoIP phone,6
"Deflect-o DuraMat Lighweight, Studded, Beveled Mat for Low Pile Carpeting",6
Xerox 1971,6
GBC Linen Binding Covers,6
"GBC Laser Imprintable Binding System Covers, Desert Sand",6
Xerox 1970,6
Tenex Chairmats For Use with Hard Floors,6
Apple iPhone 5,6
Telescoping Adjustable Floor Lamp,6
Eldon Gobal File Keepers,6
"Peel & Seel Recycled Catalog Envelopes, Brown",6
"Personal Folder Holder, Ebony",6
Coloredge Poster Frame,6
DIXON Oriole Pencils,6
"Permanent Self-Adhesive File Folder Labels for Typewriters, 1 1/8 x 3 1/2, White",6
SanDisk Cruzer 32 GB USB Flash Drive,6
Permanent Self-Adhesive File Folder Labels for Typewriters by Universal,6
"Sortfiler Multipurpose Personal File Organizer, Black",6
Avery 511,6
DMI Eclipse Executive Suite Bookcases,6
"Snap-A-Way Black Print Carbonless Ruled Speed Letter, Triplicate",6
Avery 519,6
SanDisk Ultra 64 GB MicroSDHC Class 10 Memory Card,6
ClearSounds CSC500 Amplified Spirit Phone Corded phone,6
Zebra Zazzle Fluorescent Highlighters,6
Xerox 1977,6
"Avery 3 1/2"" Diskette Storage Pages, 10/Pack",6
Avery 473,6
Stacking Trays by OIC,6
Dana Halogen Swing-Arm Architect Lamp,6
Recycled Eldon Regeneration Jumbo File,6
"SAFCO Commercial Wire Shelving, 72h",5
"Rediform Wirebound ""Phone Memo"" Message Book, 11 x 5-3/4",5
Belkin 7-Outlet SurgeMaster Home Series,5
"Square Credit Card Reader, 4 1/2"" x 4 1/2"" x 1"", White",5
Luxo Professional Fluorescent Magnifier Lamp with Clamp-Mount Base,5
Magnifier Swing Arm Lamp,5
Regeneration Desk Collection,5
"Rubbermaid ClusterMat Chairmats, Mat Size- 66"" x 60"", Lip 20"" x 11"" -90 Degree Angle",5
Logitech VX Revolution Cordless Laser Mouse for Notebooks (Black),5
Riverleaf Stik-Withit Designer Note Cubes,5
"Riverside Furniture Oval Coffee Table, Oval End Table, End Table with Drawer",5
"Riverside Palais Royal Lawyers Bookcase, Royale Cherry Finish",5
Luxo Professional Combination Clamp-On Lamps,5
"Ampad Phone Message Book, Recycled, 400 Message Capacity, 5 ¾ x 11",5
Luxo Economy Swing Arm Lamp,5
Spigen Samsung Galaxy S5 Case Wallet,5
Southworth 25% Cotton Premium Laser Paper and Envelopes,5
"Speediset Carbonless Redi-Letter 7"" x 8 1/2""",5
Belkin 8 Outlet SurgeMaster II Gold Surge Protector,5
Southworth 25% Cotton Antique Laid Paper & Envelopes,5
"Sanford Colorific Colored Pencils, 12/Box",5
Anker Astro 15000mAh USB Portable Charger,5
Sanford Liquid Accent Highlighters,5
Bevis 44 x 96 Conference Tables,5
Lenovo 17-Key USB Numeric Keypad,5
Laser & Ink Jet Business Envelopes,5
Large Capacity Hanging Post Binders,5
"Seth Thomas 13 1/2"" Wall Clock",5
Smead Alpha-Z Color-Coded Second Alphabetical Labels and Starter Set,5
Smead Alpha-Z Color-Coded Name Labels First Letter Starter Set,5
Anker Ultra-Slim Mini Bluetooth 3.0 Wireless Keyboard,5
Sauder Inglewood Library Bookcases,5
"Acco Pressboard Covers with Storage Hooks, 14 7/8"" x 11"", Dark Blue",5
"Acco PRESSTEX Data Binder with Storage Hooks, Light Blue, 9 1/2"" X 11""",5
"Bevis Round Bullnose 29"" High Table Top",5
"Seth Thomas 16"" Steel Case Clock",5
Samsung Replacement EH64AVFWE Premium Headset,5
"Belkin SportFit Armband For iPhone 5s/5c, Fuchsia",5
Acme Elite Stainless Steel Scissors,5
Logitech Mobile Speakerphone P710e - speaker phone,5
Logitech diNovo Edge Keyboard,5
SAFCO Optional Arm Kit for Workspace Cribbage Stacking Chair,5
"SAFCO PlanMaster Boards, 60w x 37-1/2d, White Melamine",5
Acme Kleen Earth Office Shears,5
Weyerhaeuser First Choice Laser/Copy Paper (20Lb. and 88 Bright),5
"SAFCO PlanMaster Heigh-Adjustable Drafting Table Base, 43w x 30d x 30-37h, Black",5
Safco Commercial Shelving,5
Safco Industrial Shelving,5
Samsung Galaxy S4 Mini,5
Safco Industrial Wire Shelving,5
Logitech K350 2.4Ghz Wireless Keyboard,5
Safco Steel Mobile File Cart,5
Belkin F9G930V10-GRY 9 Outlet Surge,5
"White Envelopes, White Envelopes with Clear Poly Window",5
Logitech G105 Gaming Keyboard,5
Samsung Galaxy S4,5
"Rediform S.O.S. 1-Up Phone Message Bk, 4-1/4x3-1/16 Bk, 1 Form/Pg, 40 Messages/Bk, 3/Pk",5
"Tenex Personal Filing Tote With Secure Closure Lid, Black/Frost",5
Maxell 4.7GB DVD+R 5/Pack,5
Plantronics Voyager Pro HD - Bluetooth Headset,5
"Tennsco Lockers, Sand",5
Avery 512,5
Avery 51,5
"Adams Telephone Message Books, 5 1/4 x 11",5
Personal File Boxes with Fold-Down Carry Handle,5
"Plantronics CS 50-USB - headset - Convertible, Monaural",5
Nokia Lumia 521 (T-Mobile),5
"Advantus Push Pins, Aluminum Head",5
Super Decoflex Portable Personal File,5
Newell 346,5
Avery 492,5
"Stur-D-Stor Shelving, Vertical 5-Shelf: 72""H x 36""W x 18 1/2""D",5
Plastic Binding Combs,5
Plymouth Boxed Rubber Bands by Plymouth,5
Polycom CX300 Desktop Phone USB VoIP phone,5
Avery 50,5
Polycom VoiceStation 500 Conference phone,5
Newell 332,5
"Adams ""While You Were Out"" Message Pads",5
Advantus T-Pin Paper Clips,5
PayAnywhere Card Reader,5
O'Sullivan 3-Shelf Heavy-Duty Bookcases,5
"TRENDnet 56K USB 2.0 Phone, Internet and Fax Modem",5
Avery 513,5
"Tenex Personal Self-Stacking Standard File Box, Black/Gray",5
Advantus Motivational Note Cards,5
Ooma Telo VoIP Home Phone System,5
Avery 520,5
Office Star - Mid Back Dual function Ergonomic High Back Chair with 2-Way Adjustable Arms,5
Tennsco 16-Compartment Lockers with Coat Rack,5
"Tenex Carpeted, Granite-Look or Clear Contemporary Contour Shape Chair Mats",5
"Advantus Employee of the Month Certificate Frame, 11 x 13-1/2",5
Advantus Panel Wall Acrylic Frame,5
Office Impressions Heavy Duty Welded Shelving & Multimedia Storage Drawers,5
"Office Impressions End Table, 20-1/2""H x 24""W x 20""D",5
Panasonic KX T7736-B Digital phone,5
Avery Durable Slant Ring Binders,5
"OIC Binder Clips, Mini, 1/4"" Capacity, Black",5
O'Sullivan Plantations 2-Door Library in Landvery Oak,5
"O'Sullivan Elevations Bookcase, Cherry Finish",5
Adtran 1202752G1,5
Adjustable Personal File Tote,5
Panasonic KX-TG9541B DECT 6.0 Digital 2-Line Expandable Cordless Phone With Digital Answering System,5
Premier Automatic Letter Opener,5
Sterilite Show Offs Storage Containers,5
"Recycled Interoffice Envelopes with String and Button Closure, 10 x 13",5
Memorex Micro Travel Drive 32 GB,5
Tyvek Side-Opening Peel & Seel Expanding Envelopes,5
"Metal Folding Chairs, Beige, 4/Carton",5
Avery 481,5
"Message Book, Phone, Wirebound Standard Line Memo, 2 3/4"" X 5""",5
Memorex Mini Travel Drive 8 GB USB 2.0 Flash Drive,5
UniKeep View Case Binders,5
Universal Premium White Copier/Laser Paper (20Lb. and 87 Bright),5
"Recycled Desk Saver Line ""While You Were Out"" Book, 5 1/2"" X 4""",5
"Universal Recycled Hanging Pressboard Report Binders, Letter Size",5
AmazonBasics 3-Button USB Wired Mouse,5
Avery 490,5
Memorex Froggy Flash Drive 4 GB,5
"Memorex 25GB 6X Branded Blu-Ray Recordable Disc, 15/Pack",5
Balt Split Level Computer Training Table,5
"Verbatim 25 GB 6x Blu-ray Single Layer Recordable Disc, 10/Pack",5
"Verbatim 25 GB 6x Blu-ray Single Layer Recordable Disc, 25/Pack",5
"Maxell 74 Minute CDR, 10/Pack",5
"Maxell 74 Minute CD-R Spindle, 50/Pack",5
Maxell 4.7GB DVD-R 5/Pack,5
"Barricks 18"" x 48"" Non-Folding Utility Table with Bottom Storage Shelf",5
Microsoft Natural Ergonomic Keyboard 4000,5
Okidata C331dn Printer,5
"Mini 13-1/2 Capacity Data Binder Rack, Pearl",5
Mobile Personal File Cube,5
Newell 318,5
Avoid Verbal Orders Carbonless Minifold Book,5
BIC Brite Liner Grip Highlighters,5
Avery 489,5
Newell 31,5
Newell 309,5
Acme Titanium Bonded Scissors,5
PureGear Roll-On Screen Protector,5
Steel Personal Filing/Posting Tote,5
QVS USB Car Charger 2-Port 2.1Amp for iPod/iPhone/iPad/iPad 2/iPad 3,5
NETGEAR AC1750 Dual Band Gigabit Smart WiFi Router,5
Multicolor Computer Printout Paper,5
"Multi-Use Personal File Cart and Caster Set, Three Stacking Bins",5
"Tyvek Interoffice Envelopes, 9 1/2"" x 12 1/2"", 100/Box",5
Staple-on labels,5
RCA Visys Integrated PBX 8-Line Router,5
BPI Conference Tables,5
Aluminum Document Frame,5
Model L Table or Wall-Mount Pencil Sharpener,5
Bagged Rubber Bands,5
"DataProducts Ampli Magnifier Task Lamp, Black,",5
Cardinal Slant-D Ring Binders,5
Xerox 200,5
Cyber Acoustics AC-202b Speech Recognition Stereo Headset,5
Electrix 20W Halogen Replacement Bulb for Zoom-In Desk Lamp,5
Xerox 1911,5
3.6 Cubic Foot Counter Height Office Refrigerator,5
Enermax Aurora Lite Keyboard,5
Xerox 1913,5
Enermax Briskie RF Wireless Keyboard and Mouse Combo,5
Xerox 1914,5
Xerox 1917,5
Xerox 209,5
Xerox 206,5
"Eureka Sanitaire  Multi-Pro Heavy-Duty Upright, Disposable Bags",5
Xerox 1923,5
"Bravo II Megaboss 12-Amp Hard Body Upright, Replacement Belts, 2 Belts per Pack",5
Harmony Air Purifier,5
"Executive Impressions 10"" Spectator Wall Clock",5
Hanging Personal Folder File,5
Xerox 1927,5
Xerox 201,5
Xerox 1910,5
"Eldon Regeneration Recycled Desk Accessories, Smoke",5
Xerox 218,5
Eldon Fold 'N Roll Cart System,5
Xerox 1894,5
"Eldon Executive Woodline II Desk Accessories, Mahogany",5
Xerox 1899,5
"Eldon Expressions Punched Metal & Wood Desk Accessories, Black & Cherry",5
"DAX Copper Panel Document Frame, 5 x 7 Size",5
"Eldon Expressions Wood and Plastic Desk Accessories, Cherry Wood",5
"Eldon Expressions Wood and Plastic Desk Accessories, Oak",5
Hon Non-Folding Utility Tables,5
Hon Mobius Operator's Chair,5
Boston Heavy-Duty Trimline Electric Pencil Sharpeners,5
Eldon Image Series Black Desk Accessories,5
"Hon Metal Bookcases, Putty",5
"DAX Contemporary Wood Frame with Silver Metal Mat, Desktop, 11 x 14 Size",5
"Hon Metal Bookcases, Black",5
Xerox 1905,5
"Eldon Image Series Desk Accessories, Ebony",5
Hon 94000 Series Round Tables,5
AT&T CL82213,5
Xerox 2000,5
Xerox 1930,5
Eldon Cleatmat Plus Chair Mats for High Pile Carpets,5
Brown Kraft Recycled Envelopes,5
First Data FD10 PIN Pad,5
Xerox 1975,5
Fluorescent Highlighters by Dixon,5
G.E. Halogen Desk Lamp Bulbs,5
Kensington Orbit Wireless Mobile Trackball for PC and Mac,5
GBC Wire Binding Strips,5
Xerox 1972,5
Carina Media Storage Towers in Natural & Black,5
Chromcraft Bull-Nose Wood Oval Conference Tables & Bases,5
50 Colored Long Pencils,5
GBC Standard Plastic Binding Systems Combs,5
GBC Recycled Grain Textured Covers,5
GBC ProClick Spines for 32-Hole Punch,5
GBC ProClick 150 Presentation Binding System,5
Cisco SPA525G2 IP Phone - Wireless,5
Xerox 1967,5
Xerox 1968,5
Cisco SPA 502G IP Phone,5
Cisco SPA508G,5
Global Comet Stacking Arm Chair,5
Canon imageCLASS 2200 Advanced Copier,5
Xerox 1947,5
Google Nexus 5,5
Xerox 1933,5
Xerox 1934,5
"Green Canvas Binder for 8-1/2"" x 14"" Sheets",5
Green Bar Computer Printout Paper,5
Faber Castell Col-Erase Pencils,5
Fellowes 8 Outlet Superior Workstation Surge Protector,5
Fellowes 8 Outlet Superior Workstation Surge Protector w/o Phone/Fax/Modem Protection,5
"Contract Clock, 14"", Brown",5
"Contico 72""H Heavy-Duty Storage System",5
Colored Envelopes,5
Fellowes Binding Cases,5
"Global Task Chair, Black",5
Xerox 1939,5
Xerox 1941,5
"Companion Letter/Legal File, Black",5
"Global Leather & Oak Executive Chair, Burgundy",5
Canon Imageclass D680 Copier / Fax,5
Colored Push Pins,5
Eldon ClusterMat Chair Mat with Cordless Antistatic Protection,5
"Eldon Stackable Tray, Side-Load, Legal, Smoke",5
Imation Secure+ Hardware Encrypted USB 2.0 Flash Drive; 16GB,5
Deluxe Rollaway Locking File with Drawer,5
"DAX Executive Solid Wood Document Frame, Desktop or Hang, Mahogany, 5 x 7",5
Xerox 1885,5
"DAX Metal Frame, Desktop, Stepped-Edge",5
"Acco Banker's Clasps, 5 3/4""-Long",5
DAX Natural Wood-Tone Poster Frame,5
Xerox 230,5
Xerox 1882,5
Xerox 231,5
"Acco Clips to Go Binder Clips, 24 Clips in Two Sizes",5
"Binney & Smith inkTank Desk Highlighter, Chisel Tip, Yellow, 12/Box",5
Xerox 1880,5
XtraLife ClearVue Slant-D Ring Binders by Cardinal,5
Imation 30456 USB Flash Drive 8GB,5
Imation 32GB Pocket Pro USB 3.0 Flash Drive - 32 GB - Black - 1 P ...,5
"Wirebound Service Call Books, 5 1/2"" x 4""",5
Xerox 1886,5
Insertable Tab Indexes For Data Binders,5
Deluxe Chalkboard Eraser Cleaner,5
i.Sound Portable Power - 8000 mAh,5
iHome FM Clock Radio with Lightning Dock,5
"iKross Bluetooth Portable Keyboard + Cell Phone Stand Holder + Brush for Apple iPhone 5S 5C 5, 4S 4",5
Jabra Supreme Plus Driver Edition Headset,5
Jawbone MINI JAMBOX Wireless Bluetooth Speaker,5
Deflect-o DuraMat Antistatic Studded Beveled Mat for Medium Pile Carpeting,5
Bevis Round Conference Table Top & Single Column Base,5
iOttie HLCRIO102 Car Mount,5
Wilson Jones Snap Scratch Pad Binder Tool for Ring Binders,5
Wilson Jones data.warehouse D-Ring Binders with DublLock,5
Kensington 7 Outlet MasterPiece HOMEOFFICE Power Control Center,5
Kensington 7 Outlet MasterPiece Power Center,5
Hunt Boston Vacuum Mount KS Pencil Sharpener,5
GBC Instant Index System for Binding Systems,5
"Hoover Replacement Belts For Soft Guard & Commercial Ltweight Upright Vacs, 2/Pk",5
Bose SoundLink Bluetooth Speaker,5
"Eldon 200 Class Desk Accessories, Burgundy",5
Eldon Advantage Chair Mats for Low to Medium Pile Carpets,5
"Howard Miller 13-1/2"" Diameter Rosebrook Wall Clock",5
DAX Cubicle Frames - 8x10,5
Acco 6 Outlet Guardian Standard Surge Suppressor,5
Personal Creations Ink Jet Cards and Labels,4
Avery 475,4
Fellowes Super Stor/Drawer,4
"TOPS Carbonless Receipt Book, Four 2-3/4 x 7-1/4 Money Receipts per Page",4
Xerox 219,4
Anker Ultrathin Bluetooth Wireless Keyboard Aluminum Cover with Stand ,4
"Dana Fluorescent Magnifying Lamp, White, 36""",4
Apple EarPods with Remote and Mic,4
Xerox 1981,4
Peel & Seel Envelopes,4
ShoreTel ShorePhone IP 230 VoIP phone,4
"Fiskars 8"" Scissors, 2/Pack",4
Pencil and Crayon Sharpener,4
Xerox 1986,4
Avery 509,4
Xerox 1987,4
"Super Bands, 12/Pack",4
Avery 503,4
"3M Polarizing Task Lamp with Clamp Arm, Light Gray",4
Xerox 1992,4
Computer Printout Index Tabs,4
Xerox 221,4
"Deflect-o SuperTray Unbreakable Stackable Tray, Letter, Black",4
"Fellowes Personal Hanging Folder Files, Navy",4
Avery 477,4
Plantronics Calisto P620-M USB Wireless Speakerphone System,4
Xerox 199,4
Plantronics Audio 995 Wireless Stereo Headset,4
3M Replacement Filter for Office Air Cleaner for 20' x 33' Room,4
Plantronics 81402,4
Sanyo 2.5 Cubic Foot Mid-Size Office Refrigerators,4
"Sauder Facets Collection Library, Sky Alder Finish",4
Fiskars Spring-Action Scissors,4
ClearOne Communications CHAT 70 OC Speaker Phone,4
Rubber Band Ball,4
Apple iPhone 5C,4
"Tenex Contemporary Contur Chairmats for Low and Medium Pile Carpet, Computer, 39"" x 49""",4
Self-Adhesive Ring Binder Labels,4
Apple iPhone 5S,4
"Seth Thomas 14"" Putty-Colored Wall Clock",4
"Rush Hierlooms Collection 1"" Thick Stackable Bookcases",4
#10 Self-Seal White Envelopes,4
Avery 517,4
Eldon Cleatmat Chair Mats for Medium Pile Carpets,4
Tenex Chairmats For Use With Carpeted Floors,4
"Seth Thomas 8 1/2"" Cubicle Clock",4
Panasonic KP-150 Electric Pencil Sharpener,4
"Tenex Chairmat w/ Average Lip, 45"" x 53""",4
Cisco Small Business SPA 502G VoIP phone,4
"Array Parchment Paper, Assorted Colors",4
Avery 514,4
Clarity 53712,4
Panasonic KP-4ABK Battery-Operated Pencil Sharpener,4
Eldon Antistatic Chair Mats for Low to Medium Pile Carpets,4
Avaya 5410 Digital phone,4
GBC DocuBind 200 Manual Binding Machine,4
"Eldon Expressions Desk Accessory, Wood Pencil Holder, Oak",4
"Sauder Forest Hills Library, Woodland Oak Finish",4
"GBC Clear Cover, 8-1/2 x 11, unpunched, 25 covers per pack",4
Xerox 1974,4
Sharp AL-1530CS Digital Copier,4
14-7/8 x 11 Blue Bar Computer Printout Paper,4
ClearOne CHATAttach 160 - speaker phone,4
Avery 516,4
Fellowes Desktop Hanging File Manager,4
Sony 16GB Class 10 Micro SDHC R40 Memory Card,4
"Conquest 14 Commercial Heavy-Duty Upright Vacuum, Collection System, Accessory Kit",4
Sony 32GB Class 10 Micro SDHC R40 Memory Card,4
Xerox 211,4
Recycled Steel Personal File for Standard File Folders,4
Southworth 25% Cotton Linen-Finish Paper & Envelopes,4
StarTech.com 10/100 VDSL2 Ethernet Extender Kit,4
Xerox 228,4
Quality Park Security Envelopes,4
Avery 478,4
Xerox 205,4
Fellowes Command Center 5-outlet power strip,4
Project Tote Personal File,4
DAX Wood Document Frame.,4
Xerox 232,4
"Eureka The Boss Lite 10-Amp Upright Vacuum, Blue",4
Xerox 204,4
"Safco Chair Connectors, 6/Carton",4
Akro-Mils 12-Gallon Tote,4
"Alliance Big Bands Rubber Bands, 12/Pack",4
Economy #2 Pencils,4
"Alliance Super-Size Bands, Assorted Sizes",4
Embossed Ink Jet Note Cards,4
"Safco Wire Cube Shelving System, For Use as 4 or 5 14"" Cubes, Black",4
"Electrix Architect's Clamp-On Swing Arm Lamp, Black",4
Economy Binders,4
Safco Drafting Table,4
OtterBox Commuter Series Case - iPhone 5 & 5s,4
Ames Color-File Green Diamond Border X-ray Mailers,4
"Eldon ""L"" Workstation Diamond Chairmat",4
"DAX Cubicle Frames, 8-1/2 x 11",4
"24 Capacity Maxi Data Binder Racks, Pearl",4
Avanti 1.7 Cu. Ft. Refrigerator,4
Stanley Contemporary Battery Pencil Sharpeners,4
Eldon Pizzaz Desk Accessories,4
Sabrent 4-Port USB 2.0 Hub,4
#6 3/4 Gummed Flap White Envelopes,4
"Executive Impressions 14""",4
"Strathmore #10 Envelopes, Ultimate White",4
Eldon 100 Class Desk Accessories,4
Plastic Stacking Crates & Casters,4
"Ampad Evidence Wirebond Steno Books, 6"" x 9""",4
Xerox 1994,4
Strathmore Photo Frame Cards,4
Contemporary Wood/Metal Frame,4
Polycom CX600 IP Phone VoIP phone,4
Anker Astro Mini 3000mAh Ultra-Compact Portable Charger,4
Polycom SoundPoint Pro SE-225 Corded phone,4
"Eldon 200 Class Desk Accessories, Smoke",4
Polycom SoundStation2 EX Conference phone,4
"DXL Angle-View Binders with Locking Rings, Black",4
"Sanford Colorific Eraseable Coloring Pencils, 12 Count",4
Speck Products Candyshell Flip Case,4
PowerGen Dual USB Car Charger,4
Stiletto Hand Letter Openers,4
3M Polarizing Light Filter Sleeves,4
Spiral Phone Message Books with Labels by Adams,4
"Stacking Tray, Side-Loading, Legal, Smoke",4
Sanford 52201 APSCO Electric Pencil Sharpener,4
Avaya 4621SW VoIP phone,4
"Ativa D5772 2-Line 5.8GHz Digital Expandable Corded/Cordless Phone System with Answering & Caller ID/Call Waiting, Black/Silver",4
2300 Heavy-Duty Transfer File Systems by Perma,4
Executive Impressions Supervisor Wall Clock,4
Sony Micro Vault Click 8 GB USB 2.0 Flash Drive,4
Avery 496,4
Avery 495,4
Disposable Triple-Filter Dust Bags,4
Avery 493,4
"Dixon My First Ticonderoga Pencil, #2",4
"Ampad Poly Cover Wirebound Steno Book, 6"" x 9"" Assorted Colors, Gregg Ruled",4
Kensington SlimBlade Notebook Wireless Mouse with Nano Receiver ,4
OtterBox Commuter Series Case - Samsung Galaxy S4,4
Xerox 1897,4
Barrel Sharpener,4
"Maxell Pro 80 Minute CD-R, 10/Pack",4
Boston 16765 Mini Stand Up Battery Pencil Sharpener,4
Hon Pagoda Stacking Chairs,4
Hon Rectangular Conference Tables,4
Hon Valutask Swivel Chairs,4
Maxell 4.7GB DVD-RW 3/Pack,4
Xerox 19,4
Maxell 4.7GB DVD+RW 3/Pack,4
"Verbatim Slim CD and DVD Storage Cases, 50/Pack",4
Luxo Professional Magnifying Clamp-On Fluorescent Lamps,4
"Master Caster Door Stop, Gray",4
"Belkin 19"" Center-Weighted Shelf, Gray",4
Hoover Commercial Soft Guard Upright Vacuum And Disposable Filtration Bags,4
"Belkin 325VA UPS Surge Protector, 6'",4
Hoover Commercial SteamVac,4
"Manila Recycled Extra-Heavyweight Clasp Envelopes, 6"" x 9""",4
Acme Preferred Stainless Steel Scissors,4
Hoover Portapower Portable Vacuum,4
Hoover Replacement Belt for Commercial Guardsman Heavy-Duty Upright Vacuum,4
Hon Olson Stacker Chairs,4
V7 USB Numeric Keypad,4
"Memorex 25GB 6X Branded Blu-Ray Recordable Disc, 30/Pack",4
Balt Solid Wood Round Tables,4
"Holmes Cool Mist Humidifier for the Whole House with 8-Gallon Output per Day, Extended Life Filter",4
Motorola Droid Maxx,4
Motorla HX550 Universal Bluetooth Headset,4
"Holmes Replacement Filter for HEPA Air Cleaner, Large Room",4
"Holmes Replacement Filter for HEPA Air Cleaner, Medium Room",4
Xerox 1912,4
Bady BDG101FRU Card Printer,4
Mitel 5320 IP Phone VoIP phone,4
Microsoft Wireless Mobile Mouse 4000,4
Hon 2111 Invitation Series Corner Table,4
Microsoft Natural Keyboard Elite,4
Hon 4-Shelf Metal Bookcases,4
Hon 4060 Series Tables,4
Boston 19500 Mighty Mite Electric Pencil Sharpener,4
Acme Softgrip Scissors,4
AT&T CL83451 4-Handset Telephone,4
Hon Deluxe Fabric Upholstered Stacking Chairs,4
Balt Solid Wood Rectangular Table,4
AT&T TR1909W,4
Macally Suction Cup Mount,4
"Howard Miller 11-1/2"" Diameter Brentwood Wall Clock",4
Acme Stainless Steel Office Snips,4
Jackery Bar Premium Fast-charging Portable Charger,4
Wilson Jones 14 Line Acrylic Coated Pressboard Data Binders,4
"#10 Gummed Flap White Envelopes, 100/Box",4
Jabra BIZ 2300 Duo QD Duo Corded Headset,4
Lexmark MX611dhe Monochrome Laser Printer,4
"Letter/Legal File Tote with Clear Snap-On Lid, Black Granite",4
Letter or Legal Size Expandable Poly String Tie Envelopes,4
Acco Smartsocket Color-Coded Six-Outlet AC Adapter Model Surge Protectors,4
Wilson Jones Four-Pocket Poly Binders,4
Berol Giant Pencil Sharpener,4
Jensen SMPS-640 - speaker phone,4
Luxo Adjustable Task Clamp Lamp,4
Jet-Pak Recycled Peel 'N' Seal Padded Mailers,4
LG G3,4
"Acco Recycled 2"" Capacity Laser Printer Hanging Data Binders",4
LG Electronics Tone+ HBS-730 Bluetooth Headset,4
Konftel 250 Conference phone - Charcoal black,4
Acco Perma 2700 Stacking Storage Drawers,4
Bevis Rectangular Conference Tables,4
Kensington 7 Outlet MasterPiece Power Center with Fax/Phone Line Protection,4
"Acco PRESSTEX Data Binder with Storage Hooks, Dark Blue, 9 1/2"" X 11""",4
"Important Message Pads, 50 4-1/4 x 5-1/2 Forms per Pad",4
Acco Expandable Hanging Binders,4
Logitech G13 Programmable Gameboard with LCD Display,4
Imation Bio 8GB USB Flash Drive Imation Corp,4
Logitech Z-906 Speaker sys - home theater - 5.1-CH,4
WD My Passport Ultra 500GB Portable External Hard Drive,4
"Howard Miller 16"" Diameter Gallery Wall Clock",4
"Hunt BOSTON Vista Battery-Operated Pencil Sharpener, Black",4
Blue Parrot B250XT Professional Grade Wireless Bluetooth Headset with,4
Blackstonian Pencils,4
"Black Print Carbonless Snap-Off Rapid Letter, 8 1/2"" x 7""",4
"Westinghouse Floor Lamp with Metal Mesh Shade, Black",4
"Black Print Carbonless 8 1/2"" x 8 1/4"" Rapid Memo Book",4
"Black Avery Memo-Size 3-Ring Binder, 5 1/2"" x 8 1/2""",4
"While You Were Out Pads, 50 per Pad, 4 x 5 1/4, Green Cycle",4
Bionaire 99.97% HEPA Air Cleaner,4
Logitech Media Keyboard K200,4
Ibico Recycled Grain-Textured Covers,4
Ibico Recycled Linen-Style Covers,4
Acco Economy Flexible Poly Round Ring Binder,4
Belkin F9S820V06 8 Outlet Surge,4
Logitech G500s Laser Gaming Mouse with Adjustable Weight Tuning,4
Logitech G430 Surround Sound Gaming Headset with Dolby 7.1 Technology,4
Holmes 99% HEPA Air Purifier,4
Micropad Numeric Keypads,4
Acco Side-Punched Conventional Columnar Pads,4
Xerox 1937,4
Xerox 1940,4
Tensor Track Tree Floor Lamp,4
O'Sullivan Manor Hill 2-Door Library in Brianna Oak,4
Bush Somerset Collection Bookcase,4
Xerox 194,4
"Bush Cubix Conference Tables, Fully Assembled",4
Xerox 1953,4
"Avery Trapezoid Extra Heavy Duty 4"" Binders",4
GE DSL Phone Line Filter,4
ARKON Windshield Dashboard Air Vent Car Mount Holder,4
Tops White Computer Printout Paper,4
Bush Advantage Collection Round Conference Table,4
Cardinal Poly Pocket Divider Pockets for Ring Binders,4
Newell 336,4
Avery Legal 4-Ring Binder,4
"C-Line Cubicle Keepers Polyproplyene Holder w/Velcro Back, 8-1/2x11, 25/Bx",4
Tensor Brushed Steel Torchiere Floor Lamp,4
Xerox 1952,4
"C-Line Peel & Stick Add-On Filing Pockets, 8-3/4 x 5-1/8, 10/Pack",4
O'Sullivan Living Dimensions 3-Shelf Bookcases,4
Cardinal Hold-It CD Pocket,4
Xerox 1943,4
Nortel Meridian M5316 Digital phone,4
Novimex High-Tech Fabric Mesh Task Chair,4
ACCOHIDE Binder by Acco,4
Global Enterprise Series Seating High-Back Swivel/Tilt Chairs,4
Canon PC1060 Personal Laser Copier,4
Canon PC1080F Personal Copier,4
Global Adaptabilities Conference Tables,4
O'Sullivan 5-Shelf Heavy-Duty Bookcases,4
Tennsco Regal Shelving Units,4
Newell 335,4
"Bush Andora Conference Table, Maple/Graphite Gray Finish",4
Grandstream GXP2100 Mainstream Business Phone,4
Xerox 1924,4
Harmony HEPA Quiet Air Purifiers,4
Bretford Just In Time Height-Adjustable Multi-Task Work Tables,4
HTC One Mini,4
HTC One,4
Xerox 1929,4
Xerox 1964,4
Newell 331,4
HP Office Recycled Paper (20Lb. and 87 Bright),4
Avery White Multi-Purpose Labels,4
Avery Binder Labels,4
Xerox 1965,4
Newell 321,4
Cisco IP Phone 7961G-GE VoIP phone,4
Newell 327,4
GBC VeloBinder Electric Binding Machine,4
GBC VeloBinder Strips,4
Xerox 1954,4
"Avery Flip-Chart Easel Binder, Black",4
Newell 330,4
Xerox 1920,4
Xerox 1928,4
Xerox 1935,4
"Advantus 10-Drawer Portable Organizer, Chrome Metal Frame, Smoke Drawers",4
"6"" Cubicle Wall Clock, Black",4
Trimflex Flexible Post Binders,4
Wilson Jones Suede Grain Vinyl Binders,3
Sony Micro Vault Click 4 GB USB 2.0 Flash Drive,3
Xerox 1979,3
Acme Galleria Hot Forged Steel Scissors with Colored Handles,3
Southworth 100% Cotton The Best Paper,3
Zebra GX420t Direct Thermal/Thermal Transfer Printer,3
"Acme Design Line 8"" Stainless Steel Bent Scissors w/Champagne Handles, 3-1/8"" Cut",3
"Telephone Message Books with Fax/Mobile Section, 4 1/4"" x 6""",3
Xerox 1950,3
"Tenex V2T-RE Standard Weight Series Chair Mat, 45"" x 53"", Lip 25"" x 12""",3
Acme Design Stainless Steel Bent Scissors,3
Xerox 1963,3
"Wirebound Message Books, 5-1/2 x 4 Forms, 2 or 4 Forms per Page",3
Smead Adjustable Mobile File Trolley with Lockable Top,3
"Acco Smartsocket Table Surge Protector, 6 Color-Coded Adapter Outlets",3
"SmartStand Mobile Device Holder, Assorted Colors",3
Shocksock Galaxy S4 Armband,3
"Wirebound Message Books, 2 7/8"" x 5"", 3 Forms per Page",3
Xerox 198,3
AT&T CL2909,3
Xerox 1948,3
"TOPS Voice Message Log Book, Flash Format",3
Xerox 223,3
"Adams Phone Message Book, Professional, 400 Message Capacity, 5 3/6 x 11",3
"Verbatim 25 GB 6x Blu-ray Single Layer Recordable Disc, 1/Pack",3
VariCap6 Expandable Binder,3
Translucent Push Pins by OIC,3
Storex Flexible Poly Binders with Double Pockets,3
Ampad #10 Peel & Seel Holiday Envelopes,3
Advantus SlideClip Paper Clips,3
AT&T SB67148 SynJ,3
Xerox 1907,3
Xerox 22,3
Xerox 193,3
Xerox 197,3
Tripp Lite Isotel 8 Ultra 8 Outlet Metal Surge,3
Turquoise Lead Holder with Pocket Clip,3
Xerox 1921,3
"Tyvek  Top-Opening Peel & Seel  Envelopes, Gray",3
Tops Green Bar Computer Printout Paper,3
Xerox 1936,3
Acme Rosewood Handle Letter Opener,3
"TOPS ""Important Message"" Pads, Canary, 4-1/4 x 5-1/2, 50 Sheets per Pad",3
"TOPS 4 x 6 Fluorescent Color Memo Sheets, 500 Sheets per Pack",3
Southworth 25% Cotton Granite Paper & Envelopes,3
Xerox 1982,3
Xerox 1946,3
"Adams Write n' Stick Phone Message Book, 11"" X 5 1/4"", 200 Messages",3
Xerox 229,3
Wausau Papers Astrobrights Colored Envelopes,3
AT&T 1070 Corded Phone,3
Things To Do Today Spiral Book,3
"Tensor ""Hersey Kiss"" Styled Floor Lamp",3
AT&T 1080 Phone,3
Xerox 1889,3
Swingline SM12-08 MicroCut Jam Free Shredder,3
Space Solutions Industrial Galvanized Steel Shelving.,3
12 Colored Short Pencils,3
Texas Instruments TI-34 Scientific Calculator,3
Acme Kleencut Forged Steel Scissors,3
"""While you Were Out"" Message Book, One Form per Page",3
"Seth Thomas 12"" Clock w/ Goldtone Case",3
Newell 339,3
Newell 33,3
Newell 328,3
Newell 323,3
Newell 313,3
"GE 4 Foot Flourescent Tube, 40 Watt",3
Newell 307,3
Cardinal Holdit Data Disk Pockets,3
"GE General Use Halogen Bulbs, 100 Watts, 1 Bulb per Pack",3
Gear Head AU3700S Headset,3
"Geographics Note Cards, Blank, White, 8 1/2"" x 11""",3
Canon PC940 Copier,3
Global Deluxe High-Back Office Chair in Storm,3
"Bush Westfield Collection Bookcases, Dark Cherry Finish",3
Memorex Micro Travel Drive 4 GB,3
Bush Mission Pointe Library,3
"Bush Cubix Collection Bookcases, Fully Assembled",3
"Memo Book, 100 Message Capacity, 5 3/8 x 11",3
Bulldog Table or Wall-Mount Pencil Sharpener,3
"Mead 1st Gear 2"" Zipper Binder, Asst. Colors",3
GE 30522EE2,3
GE 2-Jack Phone Line Splitter,3
Maxell DVD-RAM Discs,3
"Career Cubicle Clock, 8 1/4"", Black",3
Panasonic KX - TS880B Telephone,3
Panasonic KP-350BK Electric Pencil Sharpener with Auto Stop,3
Colorific Watercolor Pencils,3
Fellowes Recycled Storage Drawers,3
Clearsounds A400,3
File Shuttle I and Handi-File,3
Fiskars Home & Office Scissors,3
OIC Thumb-Tacks,3
GBC Binding covers,3
"Binney & Smith inkTank Erasable Pocket Highlighter, Chisel Tip, Yellow",3
Nu-Dell Oak Frame,3
Nu-Dell Leatherette Frames,3
Cisco SPA112 2 Port Phone Adapter,3
Cisco IP Phone 7961G VoIP phone - Dark gray,3
Nortel Business Series Terminal T7208 Digital phone,3
Nokia Lumia 925,3
Avery Non-Stick Heavy Duty View Round Locking Ring Binders,3
Newell 349,3
Avery Personal Creations Heavyweight Cards,3
Griffin GC36547 PowerJolt SE Lightning Charger,3
Maxell CD-R Discs,3
Panasonic KX T7731-B Digital phone,3
Laminate Occasional Tables,3
Honeywell Enviracaire Portable HEPA Air Cleaner for up to 10 x 16 Room,3
Kingston Digital DataTraveler 8GB USB 2.0,3
KeyTronic KT800P2 - Keyboard - Black,3
KeyTronic KT400U2 - Keyboard - Black,3
Hoover Commercial Lightweight Upright Vacuum with E-Z Empty Dirt Cup,3
Hoover WindTunnel Plus Canister Vacuum,3
KLD Oscar II Style Snap-on Ultra Thin Side Flip Synthetic Leather Cover Case for HTC One HTC M7,3
Jawbone JAMBOX Wireless Bluetooth Speaker,3
Jabra SPEAK 410 Multidevice Speakerphone,3
"Iris 3-Drawer Stacking Bin, Black",3
"Inter-Office Recycled Envelopes, Brown Kraft, Button-String,10"" x 13"" , 100/Box",3
"Ink Jet Note and Greeting Cards, 8-1/2"" x 5-1/2"" Card Size",3
Imation USB 2.0 Swivel Flash Drive USB flash drive - 4 GB - Pink,3
"BlueLounge Milo Smartphone Stand, White/Metallic",3
"Bevis Traditional Conference Table Top, Plinth Base",3
Imation 8GB Mini TravelDrive USB 2.0 Flash Drive,3
Ibico EPK-21 Electric Binding System,3
Imation Bio 2GB USB Flash Drive Imation Corp,3
Bionaire Personal Warm Mist Humidifier/Vaporizer,3
LG Exalt,3
Honeywell Enviracaire Portable HEPA Air Cleaner for 16' x 20' Room,3
"Master Giant Foot Doorstop, Safety Yellow",3
Boston 1730 StandUp Electric Pencil Sharpener,3
"HP Designjet T520 Inkjet Large Format Printer - 24"" Color",3
"Master Caster Door Stop, Large Brown",3
Belkin 7 Outlet SurgeMaster II,3
Lunatik TT5L-002 Taktik Strike Impact Protection System for iPhone 5,3
Hammermill CopyPlus Copy Paper (20Lb. and 84 Bright),3
Hand-Finished Solid Wood Document Frame,3
Logitech Wireless Touch Keyboard K400,3
"Brites Rubber Bands, 1 1/2 oz. Box",3
High Speed Automatic Electric Letter Opener,3
Logitech Wireless Anywhere Mouse MX for PC and Mac,3
Logitech M510 Wireless Mouse,3
Logitech Keyboard K120,3
BoxOffice By Design Rectangular and Half-Moon Meeting Room Tables,3
Belkin F9M820V08 8 Outlet Surge,3
"Boston Model 1800 Electric Pencil Sharpener, Gray",3
Belkin Grip Candy Sheer Case / Cover for iPhone 5 and 5S,3
"Hon 30"" x 60"" Table with Locking Drawer",3
Boston 1799 Powerhouse Electric Pencil Sharpener,3
Hon Every-Day Chair Series Swivel Task Chairs,3
Fellowes Powershred HS-440 4-Sheet High Security Shredder,3
"Binney & Smith inkTank Erasable Desk Highlighter, Chisel Tip, Yellow, 12/Box",3
Panasonic KX TS3282B Corded phone,3
SanDisk Cruzer 16 GB USB Flash Drive,3
Samsung Galaxy Note 3,3
DAX Solid Wood Frames,3
EcoTones Memo Sheets,3
"Safco Value Mate Steel Bookcase, Baked Enamel Finish on Steel, Black",3
"SKILCRAFT Telephone Shoulder Rest, 2"" x 6.5"" x 2.5"", Black",3
SANFORD Liquid Accent Tank-Style Highlighters,3
SAFCO Folding Chair Trolley,3
Avaya 5420 Digital phone,3
Eldon Advantage Foldable Chair Mats for Low Pile Carpets,3
Riverside Furniture Stanwyck Manor Table Series,3
Ricoh - Ink Collector Unit for GX3000 Series Printers,3
"Eldon Expressions Punched Metal & Wood Desk Accessories, Pewter & Cherry",3
Avery 479,3
Recycled Premium Regency Composition Covers,3
"Eldon Imàge Series Desk Accessories, Clear",3
Avery 48,3
DAX Clear Channel Poster Frame,3
Dixon Ticonderoga Pencils,3
"Dixon Ticonderoga Maple Cedar Pencil, #2",3
Cubify CubeX 3D Printer Double Head Print,3
Dexim XPower Skin Super-Thin Power Case for iPhone 5 - Black,3
Array Memo Cubes,3
Seidio BD2-HK3IPH5-BK DILEX Case and Holster Combo for Apple iPhone 5/5s - Black,3
"Sauder Mission Library with Doors, Fruitwood Finish",3
"Sauder Forest Hills Library with Doors, Woodland Oak Finish",3
Deflect-O Glasstique Clear Desk Accessories,3
Sauder Cornerstone Collection Library,3
"Deflect-o EconoMat Nonstudded, No Bevel Mat",3
Artistic Insta-Plaque,3
"Sauder Camden County Barrister Bookcase, Planked Cherry Finish",3
Sauder Barrister Bookcases,3
"Sanyo Counter Height Refrigerator with Crisper, 3.6 Cubic Foot, Stainless Steel/Black",3
DYMO CardScan Personal V9 Business Card Scanner,3
"Sanford Uni-Blazer View Highlighters, Chisel Tip, Yellow",3
Design Ebony Sketching Pencil,3
"Sanford Prismacolor Professional Thick Lead Art Pencils, 36-Color Set",3
Sanford Pocket Accent Highlighters,3
"Sanford EarthWrite Recycled Pencils, Medium Soft, #2",3
"Eldon Regeneration Recycled Desk Accessories, Black",3
Rosewill 107 Normal Keys USB Wired Standard Keyboard,3
Avery 510,3
"Pressboard Data Binder, Crimson, 12"" X 8 1/2""",3
Plantronics Voyager Pro Legend,3
Avery 502,3
Avery 506,3
Petty Cash Envelope,3
"Perixx PERIBOARD-512B, Ergonomic Split Keyboard",3
Avery 498,3
"Executive Impressions 13"" Chairman Wall Clock",3
Avery 491,3
Euro Pro Shark Stick Mini Vacuum,3
Plantronics HL10 Handset Lifter,3
Fellowes Advanced 8 Outlet Surge Suppressor with Phone/Fax Protection,3
Eureka Sanitaire  Commercial Upright,3
Fashion Color Clasp Envelopes,3
Pastel Pink Envelopes,3
Xerox 1990,2
"Executive Impressions 8-1/2"" Career Panel/Partition Cubicle Clock",2
Boston 16750 Black Compact Battery Pencil Sharpener,2
Zebra ZM400 Thermal Label Printer,2
Contemporary Borderless Frame,2
Honeywell Enviracaire Portable Air Cleaner for up to 8 x 10 Room,2
"Howard Miller 12"" Round Wall Clock",2
Xerox 1976,2
Xerox 190,2
"Hon Metal Bookcases, Gray",2
iOttie XL Car Mount,2
Xerox 1902,2
"Dixon Ticonderoga Core-Lock Colored Pencils, 48-Color Set",2
"#10-4 1/8"" x 9 1/2"" Premium Diagonal Seam Envelopes",2
"Hon Deluxe Fabric Upholstered Stacking Chairs, Squared Back",2
Xerox 1896,2
Desktop 3-Pocket Hot File,2
Hoover Commercial Lightweight Upright Vacuum,2
Xerox 1985,2
First Data TMFD35 PIN Pad,2
Acco 6 Outlet Guardian Basic Surge Suppressor,2
Xerox 1892,2
Dell Slim USB Multimedia Keyboard,2
"Dixon Ticonderoga Erasable Colored Pencil Set, 12-Color",2
Xerox 1890,2
Xerox 1980,2
Col-Erase Pencils with Erasers,2
Color-Coded Legal Exhibit Labels,2
Fellowes Presentation Covers for Comb Binding Machines,2
Howard Miller 12-3/4 Diameter Accuwave DS  Wall Clock,2
Xerox 1983,2
Boston 16701 Slimline Battery Pencil Sharpener,2
Xerox 207,2
Xerox 1998,2
"Boston 1827 Commercial Additional Cutter, Drive Gear & Gear Rack for 1606",2
"Holmes Visible Mist Ultrasonic Humidifier with 2.3-Gallon Output per Day, Replacement Filter",2
Fellowes Econo/Stor Drawers,2
"Executive Impressions 13-1/2"" Indoor/Outdoor Wall Clock",2
Eldon Executive Woodline II Cherry Finish Desk Accessories,2
Eldon Expressions Mahogany Wood Desk Collection,2
"3D Systems Cube Printer, 2nd Generation, Magenta",2
Xerox 1958,2
Global Italian Leather Office Chair,2
Canon Image Class D660 Copier,2
Canon PC170 Desktop Personal Copier,2
Xerox 1956,2
"Global Adaptabilites Bookcase, Cherry/Storm Gray Finish",2
Xerox 215,2
Electrix Fluorescent Magnifier Lamps & Weighted Base,2
"Electrix Incandescent Magnifying Lamp, Black",2
Epson TM-T88V Direct Thermal Printer - Monochrome - Desktop,2
"Epson WorkForce WF-2530 All-in-One Printer, Copier Scanner",2
Xerox 208,2
Eldon Econocleat Chair Mats for Low Pile Carpets,2
GBC Therma-A-Bind 250T Electric Binding System,2
"1/4 Fold Party Design Invitations & White Envelopes, 24 8-1/2"" X 11"" Cards, 25 Env./Pack",2
Hewlett-Packard 300S Scientific Calculator,2
Classic Ivory Antique Telephone ZL1810,2
Xerox 1955,2
Document Clip Frames,2
Durable Pressboard Binders,2
3M Office Air Cleaner,2
"Eldon 200 Class Desk Accessories, Black",2
Hewlett-Packard Deskjet 6540 Color Inkjet Printer,2
Cisco CP-7937G Unified IP Conference Station Phone,2
"Eldon 300 Class Desk Accessories, Black",2
"3D Systems Cube Printer, 2nd Generation, White",2
"Executive Impressions 16-1/2"" Circular Wall Clock",2
Cisco 9971 IP Video Phone Charcoal,2
Hammermill Color Copier Paper (28Lb. and 96 Bright),2
"HP Officejet Pro 8600 e-All-In-One Printer, Copier, Scanner, Fax",2
"Executive Impressions 14"" Contract Wall Clock with Quartz Movement",2
HP Office Paper (20Lb. and 87 Bright),2
Xerox 1973,2
Bevis Round Conference Room Tables and Bases,2
"Binney & Smith Crayola Metallic Crayons, 16-Color Pack",2
"Message Book, Standard Line ""While You Were Out"", 5 1/2"" X 4"", 200 Sets/Book",2
"TOPS Money Receipt Book, Consecutively Numbered in Red,",2
Avery 515,2
Panasonic KX MC6040 Color Laser Multifunction Printer,2
Panasonic KP-310 Heavy-Duty Electric Pencil Sharpener,2
OtterBox Defender Series Case - iPhone 5c,2
Okidata MB760 Printer,2
Okidata MB491 Multifunction Printer,2
Okidata C610n Printer,2
"Tenex Traditional Chairmats for Hard Floors, Average Lip, 36"" x 48""",2
Okidata B400 Printer,2
Office Star - Task Chair with Contemporary Loop Arms,2
Office Star - Ergonomic Mid Back Chair with 2-Way Adjustable Arms,2
"Office Star - Contemporary Task Swivel chair with 2-way adjustable arms, Plum",2
O'Sullivan Cherrywood Estates Traditional Bookcase,2
O'Sullivan Cherrywood Estates Traditional Barrister Bookcase,2
"Avery Hi-Liter Comfort Grip Fluorescent Highlighter, Yellow Ink",2
Nu-Dell EZ-Mount Plastic Wall Frames,2
Xblue XB-1670-86 X16 Small Office Telephone - Titanium,2
"Avery Hi-Liter GlideStik Fluorescent Highlighter, Yellow Ink",2
Texas Instrument TI-15 Fraction Calculator,2
Newell 340,2
Newell 338,2
Newell 337,2
Newell 329,2
Newell 316,2
Newell 308,2
Motorola Moto X,2
Microsoft Arc Touch Mouse,2
"Ultra Door Kickplate, 8""H x 34""W",2
Avery 507,2
Avery 500,2
Portfile Personal File Boxes,2
Anker 24W Portable Micro USB Car Charger,2
Self-Adhesive Address Labels for Typewriters with Dispenser Box,2
"Sauder Facets Collection Locker/File Cabinet, Sky Alder Finish",2
Sauder Camden County Collection Library,2
Sannysis Cute Owl Design Soft Skin Case Cover for Samsung Galaxy S4,2
"Sanford Colorific Scented Colored Pencils, 12/Pack",2
Ativa MDM8000 8-Sheet Micro-Cut Shredder,2
Ativa V4110MDD Micro-Cut Shredder,2
SanDisk Cruzer 4 GB USB Flash Drive,2
"Atlantic Metals Mobile 2-Shelf Bookcases, Custom Colors",2
Samsung Galaxy S4 Active,2
Samsung Galaxy Note 2,2
Samsung Convoy 3,2
Southworth Structures Collection,2
Anderson Hickey Conga Table Tops & Accessories,2
"Post-it Important Message Note Pad, Neon Colors, 50 Sheets/Pad",2
"Avery 05222 Permanent Self-Adhesive File Folder Labels for Typewriters, on Rolls, White, 250/Roll",2
Rush Hierlooms Collection Rich Wood Bookcases,2
Rediform Voice Mail Log Books,2
Standard Line While You Were Out Hardbound Telephone Message Book,2
"Recycled Interoffice Envelopes with Re-Use-A-Seal Closure, 10 x 13",2
Avery 482,2
RCA ViSYS 25825 Wireless digital phone,2
Alliance Rubber Bands,2
Star Micronics TSP800 TSP847IIU Receipt Printer,2
"Quartet Alpha White Chalk, 12/Pack",2
Sterling Rubber Bands by Alliance,2
Stockwell Gold Paper Clips,2
Avery 497,2
Micro Innovations Wireless Classic Keyboard with Mouse,2
Avery Hi-Liter Fluorescent Desk Style Markers,2
"Logitech Wireless Boombox Speaker - portable - wireless, wired",2
Belkin 8-Outlet Premiere SurgeMaster II Surge Protectors,2
Kensington 6 Outlet SmartSocket Surge Protector,2
KeyTronic 6101 Series - Keyboard - Black,2
Kingston Digital DataTraveler 64GB USB 2.0,2
Kleencut Forged Office Shears by Acme United Corporation,2
Loose Memo Sheets,2
Wilson Jones Hanging Recycled Pressboard Data Binders,2
Belkin iPhone and iPad Lightning Cable,2
Letter Size File,2
Letter Slitter,2
Serrated Blade or Curved Handle Hand Letter Openers,2
"Westinghouse Mesh Shade Clip-On Gooseneck Lamp, Black",2
Wilson Jones DublLock D-Ring Binders,2
Lexmark 20R1285 X6650 Wireless All-in-One Printer,2
Lexmark MarkNet N8150 Wireless Print Server,2
Lexmark S315 Color Inkjet Printer,2
Logitech Wireless Headset H600 Over-The-Head Design,2
White GlueTop Scratch Pads,2
Belkin OmniView SE Rackmount Kit,2
Kensington 6 Outlet MasterPiece HOMEOFFICE Power Control Center,2
Belkin QODE FastFit Bluetooth Keyboard,2
Wirebound Voice Message Log Book,2
"Wirebound Message Forms, Four 2 3/4 x 5 Forms per Page, Pink Paper",2
Maxell iVDR EX 500GB Cartridge,2
Acme Serrated Blade Letter Opener,2
Memorex Mini Travel Drive 32 GB USB 2.0 Flash Drive,2
Imation Swivel Flash Drive USB flash drive - 8 GB,2
Unpadded Memo Slips,2
RCA ViSYS 25425RE1 Corded phone,1
RCA ViSYS 25423RE1 Corded phone,1
RCA H5401RE1 DECT 6.0 4-Line Cordless Handset With Caller ID/Call Waiting,1
Epson Perfection V600 Photo Scanner,1
Star Micronics TSP100 TSP143LAN Receipt Printer,1
"Hunt BOSTON Model 1606 High-Volume Electric Pencil Sharpener, Beige",1
Eureka Disposable Bags for Sanitaire Vibra Groomer I Upright Vac,1
Xerox Blank Computer Paper,1
Pyle PRT45 Retro Home Telephone,1
"Eureka Hand Vacuum, Bagless",1
Avery 484,1
AT&T EL51110 DECT,1
"Linden 12"" Wall Clock With Oak Frame",1
I.R.I.S IRISCard Anywhere 5 Card Scanner,1
Boston 1900 Electric Pencil Sharpener,1
Decoflex Hanging Personal Folder File,1
Lexmark X 9575 Professional All-in-One Color Printer,1
"Sanitaire Vibra Groomer IR Commercial Upright Vacuum, Replacement Belts",1
Cubify CubeX 3D Printer Triple Head Print,1
Avery 5,1
Xerox WorkCentre 6505DN Laser Multifunction Printer,1
Xiaomi Mi3,1
SanDisk Cruzer 8 GB USB Flash Drive,1
Acco Glide Clips,1
Konica Minolta magicolor 1690MF Multifunction Printer,1
LG G2,1
Avaya IP Phone 1140E VoIP phone,1
Zebra GK420t Direct Thermal/Thermal Transfer Printer,1
Jiffy Padded Mailers with Self-Seal Closure,1
Sony 8GB Class 10 Micro SDHC R40 Memory Card,1
Socket Bluetooth Cordless Hand Scanner (CHS),1
Rediform S.O.S. Phone Message Books,1
Eldon File Chest Portable File,1
Xerox 1901,1
Eldon Jumbo ProFile Portable File Boxes Graphite/Black,1
"Snap-A-Way Black Print Carbonless Speed Message, No Reply Area, Duplicate",1
Memorex Mini Travel Drive 4 GB USB 2.0 Flash Drive,1
Plantronics Single Ear Headset,1
Xerox 20,1
Cisco TelePresence System EX90 Videoconferencing Unit,1
Xerox 1969,1
"Vtech AT&T CL2940 Corded Speakerphone, Black",1
"Barricks Non-Folding Utility Table with Steel Legs, Laminate Tops",1
Cisco Desktop Collaboration Experience DX650 IP Video Phone,1
Avery Hi-Liter Pen Style Six-Color Fluorescent Set,1
Nokia Lumia 1020,1
Cisco 8961 IP Phone Charcoal,1
"Brother MFC-9340CDW LED All-In-One Printer, Copier Scanner",1
Cherry 142-key Programmable Keyboard,1
Newell 342,1
Xerox 1932,1
Grip Seal Envelopes,1
"Bush Birmingham Collection Bookcase, Dark Cherry",1
NeatDesk Desktop Scanner & Digital Filing System,1
NETGEAR RangeMax WNR1000 Wireless Router,1
Multimedia Mailers,1
Xerox 1938,1
"Universal Ultra Bright White Copier/Laser Paper, 8 1/2"" x 11"", Ream",1
Canon imageCLASS MF7460 Monochrome Digital Laser Multifunction Copier,1
Ultra Commercial Grade Dual Valve Door Closer,1
"Bush Saratoga Collection 5-Shelf Bookcase, Hanover Cherry, *Special Order",1
Global Enterprise Series Seating Low-Back Swivel/Tilt Chairs,1
"Bush Westfield Collection Bookcases, Dark Cherry Finish, Fully Assembled",1
Cisco SPA525G2 5-Line IP Phone,1
Belkin 7 Outlet SurgeMaster Surge Protector with Phone Protection,1
"Stride Job 150 Highlighters, Chisel Tip, Assorted Colors",1
Xerox 1926,1
"Canon Color ImageCLASS MF8580Cdw Wireless Laser All-In-One Printer, Copier, Scanner",1
Holmes Harmony HEPA Air Purifier for 17 x 20 Room,1
Logitech Illuminated Ultrathin Keyboard with Backlighting,1
Penpower WorldCard Pro Card Scanner,1
Park Ridge Embossed Executive Business Envelopes,1
Computer Printout Paper with Letter-Trim Fine Perforations,1
Hewlett-Packard Desktjet 6988DT Refurbished Printer,1
Panasonic KX MB2061 Multifunction Printer,1
Hewlett-Packard Deskjet F4180 All-in-One Color Ink-jet - Printer / copier / scanner,1
Xerox 1989,1
Panasonic Business Telephones KX-T7736,1
PNY Rapid USB Car Charger - Black,1
"Fellowes Smart Surge Ten-Outlet Protector, Platinum",1
Xerox 1918,1
Xerox 1984,1
Hewlett-Packard Deskjet D4360 Printer,1
Hewlett-Packard Deskjet 5550 Printer,1
Okidata B401 Printer,1
Hewlett-Packard Deskjet 3050a All-in-One Color Inkjet Printer,1
Xerox 1922,1
4009 Highlighters,1
Belkin 8 Outlet SurgeMaster II Gold Surge Protector with Phone Protection,1
Wasp CCD Handheld Bar Code Reader,1
Cisco SPA 501G IP Phone,1
